-- Adminer 4.5.0 MySQL dump

SET NAMES utf8;
SET time_zone = '+00:00';
SET foreign_key_checks = 0;
SET sql_mode = 'NO_AUTO_VALUE_ON_ZERO';

DROP TABLE IF EXISTS `analytics`;
CREATE TABLE `analytics` (
  `id` int(11) NOT NULL AUTO_INCREMENT,
  `date` date NOT NULL,
  `type` tinyint(4) NOT NULL,
  `shift_request` int(11) NOT NULL DEFAULT '0',
  `leave_request` int(11) NOT NULL DEFAULT '0',
  PRIMARY KEY (`id`)
) ENGINE=InnoDB DEFAULT CHARSET=latin1;

INSERT INTO `analytics` (`id`, `date`, `type`, `shift_request`, `leave_request`) VALUES
(140,	'2018-05-20',	1,	0,	1),
(141,	'2018-05-21',	1,	0,	1),
(142,	'2018-05-22',	1,	0,	2),
(143,	'2018-05-25',	1,	0,	1),
(144,	'2018-05-30',	1,	0,	1),
(145,	'2018-05-31',	1,	0,	1),
(146,	'2018-06-01',	1,	0,	1),
(147,	'2018-06-02',	1,	0,	1),
(148,	'2018-05-22',	0,	0,	4),
(149,	'2018-05-23',	0,	0,	2),
(150,	'2018-05-24',	0,	0,	2),
(151,	'2018-05-26',	0,	0,	1),
(152,	'2018-05-21',	0,	0,	2),
(153,	'2018-05-27',	0,	0,	1),
(154,	'2018-05-28',	0,	0,	1),
(155,	'2018-11-01',	0,	2,	0),
(156,	'2018-11-05',	0,	1,	0),
(157,	'2018-11-03',	0,	1,	0),
(158,	'2018-11-06',	0,	2,	0),
(159,	'2018-11-02',	0,	3,	0),
(160,	'2018-12-01',	0,	5,	0);

DROP TABLE IF EXISTS `availabilities`;
CREATE TABLE `availabilities` (
  `id` int(11) NOT NULL AUTO_INCREMENT,
  `user_id` int(11) NOT NULL,
  `voice_call` tinyint(4) NOT NULL DEFAULT '1',
  `text_message` tinyint(4) NOT NULL DEFAULT '1',
  `custom_message` text,
  `available_again` varchar(32) DEFAULT NULL,
  PRIMARY KEY (`id`)
) ENGINE=InnoDB DEFAULT CHARSET=latin1;

INSERT INTO `availabilities` (`id`, `user_id`, `voice_call`, `text_message`, `custom_message`, `available_again`) VALUES
(10,	87,	1,	1,	'',	'2018-05-23 09:51:25'),
(11,	2,	1,	1,	'Hello world!',	'2018-11-02 00:35:00'),
(12,	3,	1,	1,	'',	'2018-05-23 10:48:00'),
(13,	48,	1,	1,	'',	'2018-05-23 11:02:28'),
(14,	4,	1,	1,	'',	'2018-05-23 11:02:39'),
(15,	10,	1,	1,	'',	'2018-05-23 11:02:40'),
(16,	8,	1,	1,	'',	'2018-05-23 11:02:40'),
(17,	65,	1,	1,	'',	'2018-05-23 11:02:40'),
(18,	85,	1,	1,	'',	'2018-05-23 11:02:40'),
(19,	9,	1,	1,	'',	'2018-05-23 11:02:41'),
(20,	5,	1,	1,	'',	'2018-05-23 11:02:41'),
(21,	7,	1,	1,	'',	'2018-05-23 11:02:41'),
(22,	24,	1,	1,	'',	'2018-05-23 11:02:42'),
(23,	49,	1,	1,	'',	'2018-05-23 11:02:42'),
(24,	50,	1,	1,	'',	'2018-05-23 11:02:42'),
(25,	58,	1,	1,	'',	'2018-05-23 11:02:42'),
(26,	25,	1,	1,	'',	'2018-05-23 11:02:43'),
(27,	19,	1,	1,	'',	'2018-05-23 12:16:03'),
(28,	61,	1,	1,	'',	'2018-05-23 11:02:46'),
(29,	62,	1,	1,	'',	'2018-05-23 11:02:46'),
(30,	6,	1,	1,	'Hi',	'2018-05-23 11:02:46'),
(31,	17,	1,	1,	'',	'2018-05-23 11:03:44'),
(32,	18,	1,	1,	'',	'2018-05-23 11:03:44'),
(33,	15,	1,	1,	'',	'2018-05-23 11:03:44'),
(34,	14,	1,	1,	'',	'2018-05-23 11:03:45'),
(35,	12,	1,	1,	'',	'2018-05-23 11:03:45'),
(36,	11,	1,	1,	'',	'2018-05-23 11:03:45'),
(37,	13,	1,	1,	'',	'2018-05-23 11:03:45'),
(38,	22,	1,	1,	'',	'2018-05-23 11:03:46'),
(39,	16,	1,	1,	'',	'2018-05-23 11:03:46'),
(40,	42,	1,	1,	'',	'2018-05-23 11:03:46'),
(41,	78,	1,	1,	'',	'2018-05-23 11:03:47'),
(42,	63,	1,	1,	'',	'2018-05-23 11:03:47'),
(43,	64,	1,	1,	'',	'2018-05-23 11:03:47'),
(44,	1,	1,	1,	'',	'2018-05-23 11:25:44'),
(45,	69,	1,	1,	'',	'2018-05-25 09:08:20'),
(46,	66,	1,	1,	'',	'2018-05-25 09:08:20'),
(47,	72,	1,	1,	'',	'2018-05-25 09:08:20'),
(48,	86,	1,	1,	'',	'2018-05-25 09:08:20'),
(50,	89,	1,	1,	'',	'2018-07-23 09:15:09'),
(51,	90,	1,	0,	'',	'2018-11-23 20:14:35'),
(52,	91,	1,	1,	'',	'2018-07-23 09:54:17'),
(53,	92,	1,	1,	'',	'2018-07-23 09:54:50'),
(54,	93,	1,	1,	'',	'2018-07-23 09:55:37'),
(56,	95,	1,	1,	'',	'2018-07-23 10:44:22'),
(57,	96,	1,	1,	'',	'2018-07-23 10:44:43'),
(58,	97,	1,	1,	'',	'2018-08-08 14:08:17'),
(60,	99,	1,	1,	'',	'2018-08-08 14:44:40'),
(61,	100,	1,	1,	'',	'2018-08-14 10:35:06'),
(62,	101,	1,	1,	'',	'2018-08-14 10:35:50'),
(63,	102,	1,	1,	'',	'2018-08-16 10:30:13'),
(64,	103,	1,	1,	'',	'2018-08-16 11:48:34'),
(65,	104,	1,	1,	'',	'2018-08-16 11:48:55'),
(66,	105,	1,	1,	'',	'2018-08-16 13:41:17'),
(67,	106,	1,	1,	'',	'2018-08-16 13:41:56'),
(68,	107,	1,	1,	'',	'2018-08-17 09:19:28'),
(69,	108,	1,	1,	'',	'2018-09-05 13:26:09'),
(70,	109,	1,	1,	'',	'2018-10-24 06:56:45'),
(71,	110,	1,	1,	'',	'2018-10-24 06:57:33'),
(72,	111,	1,	1,	'',	'2018-10-24 06:58:27'),
(73,	112,	1,	1,	'',	'2018-10-24 06:59:12'),
(74,	114,	1,	1,	'',	'2018-10-31 16:57:06'),
(75,	115,	1,	1,	'',	'2018-10-31 16:58:20'),
(76,	116,	1,	1,	'',	'2018-11-03 11:33:26'),
(77,	117,	1,	1,	'',	'2018-11-03 11:34:55');

DROP TABLE IF EXISTS `chats`;
CREATE TABLE `chats` (
  `id` bigint(20) NOT NULL AUTO_INCREMENT,
  `type` tinyint(4) NOT NULL DEFAULT '0',
  `sender_id` int(11) DEFAULT NULL,
  `receiver_id` int(11) DEFAULT NULL,
  `message` text,
  `message_type` char(10) DEFAULT NULL,
  `timestamp` datetime DEFAULT NULL,
  `status` tinyint(4) NOT NULL DEFAULT '0',
  `trash` tinyint(4) NOT NULL DEFAULT '0',
  PRIMARY KEY (`id`)
) ENGINE=InnoDB DEFAULT CHARSET=latin1;

INSERT INTO `chats` (`id`, `type`, `sender_id`, `receiver_id`, `message`, `message_type`, `timestamp`, `status`, `trash`) VALUES
(1,	0,	2,	4,	'Hi',	'text',	'2018-10-28 19:19:12',	1,	0),
(2,	0,	2,	4,	'Hi',	'text',	'2018-10-28 19:19:40',	0,	0),
(3,	0,	2,	4,	'Hi',	'text',	'2018-10-28 19:19:56',	0,	0),
(4,	0,	2,	4,	'Hi',	'text',	'2018-10-28 19:22:49',	0,	0),
(5,	0,	2,	4,	'Hi',	'text',	'2018-10-28 19:22:50',	0,	0),
(6,	0,	2,	4,	'Hi',	'text',	'2018-10-28 19:58:54',	0,	0),
(7,	0,	2,	4,	'Hi',	'text',	'2018-10-28 19:58:55',	0,	0),
(8,	0,	90,	110,	'Test',	'text',	'2018-10-28 21:26:24',	0,	0),
(9,	0,	90,	96,	'',	'text',	'2018-10-30 16:55:21',	0,	0),
(10,	0,	90,	96,	'Test',	'text',	'2018-10-30 16:55:24',	0,	0),
(11,	0,	2,	3,	'Hello',	'text',	'2018-10-31 07:52:06',	1,	0),
(12,	0,	3,	2,	'Hi',	'text',	'2018-10-31 07:52:33',	1,	0),
(13,	0,	2,	91,	'Hhf',	'text',	'2018-10-31 10:41:00',	0,	0),
(14,	0,	3,	4,	'Hi',	'text',	'2018-10-31 12:26:11',	1,	0),
(15,	0,	4,	3,	'Hi',	'text',	'2018-10-31 12:26:30',	0,	0),
(16,	0,	114,	90,	'What am I testing?',	'text',	'2018-10-31 17:22:46',	1,	0),
(17,	0,	3,	114,	'Hi',	'text',	'2018-10-31 17:25:24',	1,	0),
(18,	0,	114,	3,	'Hello',	'text',	'2018-10-31 17:25:40',	1,	0),
(19,	0,	114,	3,	'It didn’t pop up the message but once I select user 2 I can see the message',	'text',	'2018-10-31 17:26:03',	1,	0),
(20,	0,	3,	114,	'You can test the call feature as well',	'text',	'2018-10-31 17:26:05',	1,	0),
(21,	0,	3,	114,	'We are working on fine tuning the application',	'text',	'2018-10-31 17:26:39',	1,	0),
(22,	0,	114,	3,	'How do I call? I can’t see any call option',	'text',	'2018-10-31 17:28:01',	1,	0),
(23,	0,	3,	114,	'Slide to left',	'text',	'2018-10-31 17:28:27',	1,	0),
(24,	0,	3,	114,	'Like you delete a item from list',	'text',	'2018-10-31 17:28:58',	1,	0),
(25,	0,	114,	3,	'',	'text',	'2018-10-31 17:29:31',	1,	0),
(26,	0,	114,	3,	'I allowed the microphone',	'text',	'2018-10-31 17:30:15',	1,	0),
(27,	0,	3,	114,	'Ok call me again',	'text',	'2018-10-31 17:30:34',	1,	0),
(28,	0,	114,	3,	'Anything else to test',	'text',	'2018-10-31 17:31:05',	1,	0),
(29,	0,	3,	114,	'You can test group chat as well',	'text',	'2018-10-31 17:31:28',	0,	0),
(30,	0,	114,	3,	'Yeah saw that',	'text',	'2018-10-31 17:31:35',	1,	0),
(31,	0,	3,	114,	'But for that more people are required to be online',	'text',	'2018-10-31 17:31:56',	0,	0),
(32,	0,	114,	3,	'Yep',	'text',	'2018-10-31 17:32:06',	1,	0),
(33,	0,	114,	3,	'Okay then talk to you later',	'text',	'2018-10-31 17:32:18',	0,	0),
(34,	0,	3,	114,	'You can check the application and give us your feedback',	'text',	'2018-10-31 17:32:59',	0,	0),
(35,	0,	114,	3,	'Will do',	'text',	'2018-10-31 17:33:07',	0,	0),
(36,	0,	3,	114,	'Ok Thanks',	'text',	'2018-10-31 17:33:16',	0,	0),
(37,	0,	90,	3,	'Test this is Chakri',	'text',	'2018-10-31 18:03:55',	1,	0),
(38,	0,	90,	114,	'Will call you some time sOON to discuss.',	'text',	'2018-10-31 18:04:17',	0,	0),
(39,	0,	90,	92,	'Test',	'text',	'2018-10-31 18:04:31',	0,	0),
(40,	0,	90,	109,	'Cienfuegos',	'text',	'2018-10-31 18:04:56',	0,	0),
(41,	0,	90,	109,	'Test message',	'text',	'2018-10-31 18:05:00',	0,	0),
(42,	0,	90,	89,	'Test',	'text',	'2018-10-31 18:05:14',	1,	0),
(43,	0,	90,	3,	'We should get a prompt message when someone send a message',	'text',	'2018-10-31 18:58:06',	1,	0),
(44,	0,	90,	89,	'Test',	'text',	'2018-10-31 20:30:23',	1,	0),
(45,	0,	90,	89,	'Frdhh',	'text',	'2018-10-31 20:30:35',	0,	0),
(46,	2,	90,	103,	'Test',	'text',	'2018-11-01 03:58:30',	0,	0),
(47,	2,	90,	103,	'Test',	'text',	'2018-11-01 03:59:35',	0,	0),
(48,	1,	2,	99,	'hello',	'text',	'2018-11-01 11:06:16',	0,	0),
(49,	0,	90,	89,	'Yyygh',	'text',	'2018-11-01 20:54:15',	0,	0),
(50,	0,	2,	91,	'hey',	'text',	'2018-11-02 08:32:48',	0,	0),
(51,	0,	2,	4,	'Yahooo',	'text',	'2018-11-02 17:29:57',	0,	0),
(52,	0,	2,	3,	'',	'text',	'2018-11-02 17:32:05',	1,	0),
(53,	0,	2,	4,	'Yaba dudle',	'text',	'2018-11-02 17:35:27',	0,	0),
(54,	0,	3,	2,	'Hello',	'text',	'2018-11-03 09:43:52',	1,	0),
(55,	0,	3,	2,	'Hi',	'text',	'2018-11-03 09:44:06',	1,	0),
(56,	0,	2,	3,	'Hi',	'text',	'2018-11-03 09:44:50',	1,	0),
(57,	0,	2,	3,	'Not getting any notification for message :(',	'text',	'2018-11-03 09:45:34',	1,	0),
(58,	0,	2,	3,	'It force me to click on send button twice',	'text',	'2018-11-03 09:47:11',	1,	0),
(59,	0,	2,	3,	'Hello',	'text',	'2018-11-03 09:53:00',	1,	0),
(60,	0,	3,	2,	'Hi',	'text',	'2018-11-03 10:01:34',	1,	0),
(61,	0,	2,	3,	'Hi.. starts chatting',	'text',	'2018-11-03 10:02:34',	1,	0),
(62,	0,	2,	4,	'Hi this is group chat message',	'text',	'2018-11-03 11:01:40',	0,	0),
(63,	0,	2,	4,	'Hi this is group chat message',	'text',	'2018-11-03 11:01:40',	0,	0),
(64,	0,	116,	117,	'Hi',	'text',	'2018-11-03 11:48:30',	0,	0),
(65,	0,	117,	116,	'Hello',	'text',	'2018-11-03 11:48:41',	1,	0),
(66,	0,	116,	117,	'Bye',	'text',	'2018-11-03 11:49:00',	0,	0),
(67,	0,	117,	116,	'Ha ha so early? Testing isnot completed',	'text',	'2018-11-03 11:49:17',	1,	0),
(68,	0,	116,	117,	'Ok',	'text',	'2018-11-03 11:49:23',	0,	0),
(69,	0,	90,	3,	'',	'text',	'2018-11-23 16:07:39',	1,	0),
(70,	0,	90,	3,	'',	'text',	'2018-11-23 16:07:41',	1,	0),
(71,	0,	90,	3,	'',	'text',	'2018-11-23 16:07:43',	1,	0),
(72,	0,	3,	2,	'Hi haggard Hi\nHi. Hi\nHU',	'text',	'2018-11-25 08:31:00',	1,	0),
(73,	0,	2,	3,	'',	'text',	'2018-11-25 08:54:46',	1,	0),
(74,	0,	3,	2,	'',	'text',	'2018-11-25 09:06:49',	1,	0),
(75,	0,	3,	2,	'',	'text',	'2018-11-25 09:07:29',	1,	0),
(76,	0,	2,	3,	'https://timelycare.s3.amazonaws.com/chats%2F2-1543248493576.aac',	'audio',	'2018-11-26 16:08:19',	1,	0),
(77,	0,	2,	3,	'https://timelycare.s3.amazonaws.com/chats%2F2-1543248545720.png',	'image',	'2018-11-26 16:09:16',	1,	0);

DROP TABLE IF EXISTS `favorites`;
CREATE TABLE `favorites` (
  `id` int(11) NOT NULL AUTO_INCREMENT,
  `user_id` int(11) DEFAULT NULL,
  `favorite_id` int(11) DEFAULT NULL,
  `type` tinyint(4) DEFAULT NULL,
  `trash` tinyint(4) NOT NULL DEFAULT '0',
  PRIMARY KEY (`id`)
) ENGINE=InnoDB DEFAULT CHARSET=latin1;

INSERT INTO `favorites` (`id`, `user_id`, `favorite_id`, `type`, `trash`) VALUES
(34,	48,	6,	0,	1),
(35,	87,	10,	0,	0),
(36,	19,	1,	8,	0),
(37,	90,	91,	0,	0),
(38,	90,	95,	0,	0),
(39,	95,	1,	8,	1),
(40,	95,	90,	0,	1),
(41,	12,	90,	0,	1),
(42,	95,	105,	2,	0),
(43,	95,	93,	0,	0),
(44,	12,	93,	0,	0),
(45,	12,	91,	0,	1),
(46,	12,	108,	0,	1),
(47,	108,	93,	0,	1),
(48,	108,	90,	0,	0),
(49,	108,	92,	0,	0),
(50,	108,	91,	0,	0),
(51,	108,	95,	0,	0),
(52,	108,	1,	8,	0),
(53,	2,	110,	0,	1),
(54,	2,	3,	0,	0),
(55,	2,	4,	0,	0),
(56,	3,	2,	0,	1),
(57,	3,	4,	0,	0),
(58,	4,	3,	0,	0),
(59,	114,	3,	0,	0),
(60,	90,	89,	0,	0),
(61,	2,	91,	0,	1),
(62,	2,	99,	1,	0),
(63,	116,	117,	0,	1);

DROP TABLE IF EXISTS `groups`;
CREATE TABLE `groups` (
  `id` int(11) NOT NULL AUTO_INCREMENT,
  `type` tinyint(4) NOT NULL,
  `group_id` int(11) NOT NULL,
  `user_id` int(11) NOT NULL,
  `timestamp` datetime NOT NULL,
  PRIMARY KEY (`id`),
  KEY `user_id` (`user_id`)
) ENGINE=InnoDB DEFAULT CHARSET=utf8;

INSERT INTO `groups` (`id`, `type`, `group_id`, `user_id`, `timestamp`) VALUES
(8,	0,	103,	89,	'2018-08-16 11:48:33'),
(9,	0,	103,	90,	'2018-08-16 11:48:33'),
(10,	0,	103,	91,	'2018-08-16 11:48:33'),
(11,	0,	103,	92,	'2018-08-16 11:48:33'),
(12,	0,	103,	93,	'2018-08-16 11:48:33'),
(13,	1,	104,	12,	'2018-08-16 11:48:54'),
(14,	1,	104,	13,	'2018-08-16 11:48:54'),
(15,	1,	104,	14,	'2018-08-16 11:48:54'),
(16,	0,	105,	89,	'2018-08-16 13:41:16'),
(17,	0,	105,	93,	'2018-08-16 13:41:16'),
(18,	0,	105,	95,	'2018-08-16 13:41:16'),
(19,	0,	105,	91,	'2018-08-16 13:41:16'),
(20,	1,	106,	15,	'2018-08-16 13:41:54'),
(21,	1,	106,	14,	'2018-08-16 13:41:54'),
(22,	1,	106,	12,	'2018-08-16 13:41:54'),
(23,	1,	106,	13,	'2018-08-16 13:41:54');

DROP TABLE IF EXISTS `rules`;
CREATE TABLE `rules` (
  `id` int(11) NOT NULL AUTO_INCREMENT,
  `type` tinyint(4) NOT NULL,
  `description_id` int(11) NOT NULL,
  `consecutive_day` tinyint(4) NOT NULL,
  `per_month` tinyint(4) NOT NULL,
  PRIMARY KEY (`id`)
) ENGINE=InnoDB DEFAULT CHARSET=utf8;

INSERT INTO `rules` (`id`, `type`, `description_id`, `consecutive_day`, `per_month`) VALUES
(1,	0,	1,	7,	14),
(3,	1,	7,	7,	14);

DROP TABLE IF EXISTS `schedules`;
CREATE TABLE `schedules` (
  `id` int(11) NOT NULL AUTO_INCREMENT,
  `user_id` int(11) NOT NULL,
  `type` tinyint(4) NOT NULL DEFAULT '0',
  `year_month` char(7) DEFAULT NULL,
  `date` date DEFAULT NULL,
  `shift_id` int(11) DEFAULT NULL,
  `shift_name` char(50) DEFAULT NULL,
  `shift_start` time DEFAULT NULL,
  `shift_end` time DEFAULT NULL,
  `shift_color_ft` char(6) DEFAULT NULL,
  `shift_color_bg` char(6) DEFAULT NULL,
  `status` tinyint(4) DEFAULT NULL,
  `trash` tinyint(4) NOT NULL DEFAULT '0',
  PRIMARY KEY (`id`),
  KEY `user_id` (`user_id`)
) ENGINE=InnoDB DEFAULT CHARSET=latin1;

INSERT INTO `schedules` (`id`, `user_id`, `type`, `year_month`, `date`, `shift_id`, `shift_name`, `shift_start`, `shift_end`, `shift_color_ft`, `shift_color_bg`, `status`, `trash`) VALUES
(1,	91,	0,	'2018-08',	'2018-08-01',	2,	'Day rounds',	'08:00:00',	'16:00:00',	'666666',	'edffd4',	0,	1),
(3,	92,	0,	'2018-08',	'2018-08-02',	2,	'Day rounds',	'08:00:00',	'16:00:00',	'666666',	'edffd4',	0,	1),
(5,	90,	0,	'2018-08',	'2018-08-03',	2,	'Day rounds',	'08:00:00',	'16:00:00',	'666666',	'edffd4',	0,	1),
(6,	91,	0,	'2018-08',	'2018-08-03',	2,	'Day rounds',	'08:00:00',	'16:00:00',	'666666',	'edffd4',	0,	1),
(7,	90,	0,	'2018-08',	'2018-08-04',	2,	'Day rounds',	'08:00:00',	'16:00:00',	'666666',	'edffd4',	0,	1),
(9,	92,	0,	'2018-08',	'2018-08-05',	1,	'Day 7a-7p',	'07:00:00',	'19:00:00',	'999999',	'bbe7a9',	0,	1),
(11,	92,	0,	'2018-08',	'2018-08-06',	1,	'Day 7a-7p',	'07:00:00',	'19:00:00',	'999999',	'bbe7a9',	0,	1),
(12,	89,	0,	'2018-08',	'2018-08-07',	1,	'Day 7a-7p',	'07:00:00',	'19:00:00',	'999999',	'bbe7a9',	0,	1),
(13,	92,	0,	'2018-08',	'2018-08-07',	1,	'Day 7a-7p',	'07:00:00',	'19:00:00',	'999999',	'bbe7a9',	0,	1),
(14,	89,	0,	'2018-08',	'2018-08-08',	1,	'Day 7a-7p',	'07:00:00',	'19:00:00',	'999999',	'bbe7a9',	0,	1),
(16,	91,	0,	'2018-08',	'2018-08-09',	2,	'Day rounds',	'08:00:00',	'16:00:00',	'666666',	'edffd4',	0,	1),
(17,	92,	0,	'2018-08',	'2018-08-09',	2,	'Day rounds',	'08:00:00',	'16:00:00',	'666666',	'edffd4',	0,	1),
(18,	91,	0,	'2018-08',	'2018-08-10',	2,	'Day rounds',	'08:00:00',	'16:00:00',	'666666',	'edffd4',	0,	1),
(20,	90,	0,	'2018-08',	'2018-08-11',	2,	'Day rounds',	'08:00:00',	'16:00:00',	'666666',	'edffd4',	0,	1),
(21,	91,	0,	'2018-08',	'2018-08-11',	2,	'Day rounds',	'08:00:00',	'16:00:00',	'666666',	'edffd4',	0,	1),
(22,	92,	0,	'2018-08',	'2018-08-11',	1,	'Day 9a-9p',	'09:00:00',	'21:00:00',	'ffffff',	'f1c40f',	0,	0),
(23,	91,	0,	'2018-08',	'2018-08-12',	1,	'Day 7a-7p',	'07:00:00',	'19:00:00',	'999999',	'bbe7a9',	0,	1),
(24,	92,	0,	'2018-08',	'2018-08-12',	2,	'Day rounds',	'08:00:00',	'16:00:00',	'666666',	'edffd4',	0,	1),
(25,	90,	0,	'2018-08',	'2018-08-13',	2,	'Day rounds',	'08:00:00',	'16:00:00',	'666666',	'edffd4',	0,	1),
(26,	92,	0,	'2018-08',	'2018-08-13',	1,	'Day 7a-7p',	'07:00:00',	'19:00:00',	'999999',	'bbe7a9',	0,	1),
(27,	89,	0,	'2018-08',	'2018-08-14',	1,	'Day 7a-7p',	'07:00:00',	'19:00:00',	'999999',	'bbe7a9',	0,	1),
(28,	90,	0,	'2018-08',	'2018-08-14',	1,	'Day 7a-7p',	'07:00:00',	'19:00:00',	'999999',	'bbe7a9',	0,	1),
(29,	89,	0,	'2018-08',	'2018-08-15',	1,	'Day 7a-7p',	'07:00:00',	'19:00:00',	'999999',	'bbe7a9',	0,	1),
(31,	91,	0,	'2018-08',	'2018-08-16',	1,	'Day 9a-9p',	'09:00:00',	'21:00:00',	'ffffff',	'f1c40f',	0,	0),
(32,	92,	0,	'2018-08',	'2018-08-16',	2,	'Day rounds',	'08:00:00',	'16:00:00',	'666666',	'edffd4',	0,	1),
(34,	89,	0,	'2018-08',	'2018-08-17',	1,	'Day 7a-7p',	'07:00:00',	'19:00:00',	'999999',	'bbe7a9',	0,	1),
(35,	92,	0,	'2018-08',	'2018-08-17',	2,	'Day rounds',	'08:00:00',	'16:00:00',	'666666',	'edffd4',	0,	1),
(36,	89,	0,	'2018-08',	'2018-08-18',	1,	'Day 7a-7p',	'07:00:00',	'19:00:00',	'999999',	'bbe7a9',	0,	1),
(37,	92,	0,	'2018-08',	'2018-08-18',	1,	'Day 7a-7p',	'07:00:00',	'19:00:00',	'999999',	'bbe7a9',	0,	1),
(40,	90,	0,	'2018-08',	'2018-08-20',	1,	'Day 7a-7p',	'07:00:00',	'19:00:00',	'999999',	'bbe7a9',	0,	1),
(41,	92,	0,	'2018-08',	'2018-08-20',	1,	'Day 7a-7p',	'07:00:00',	'19:00:00',	'999999',	'bbe7a9',	0,	1),
(42,	89,	0,	'2018-08',	'2018-08-21',	2,	'Day rounds',	'08:00:00',	'16:00:00',	'666666',	'edffd4',	0,	1),
(44,	89,	0,	'2018-08',	'2018-08-22',	1,	'Day 7a-7p',	'07:00:00',	'19:00:00',	'999999',	'bbe7a9',	0,	1),
(46,	90,	0,	'2018-08',	'2018-08-23',	2,	'Day rounds',	'08:00:00',	'16:00:00',	'666666',	'edffd4',	0,	1),
(47,	92,	0,	'2018-08',	'2018-08-23',	1,	'Day 7a-7p',	'07:00:00',	'19:00:00',	'999999',	'bbe7a9',	0,	1),
(49,	90,	0,	'2018-08',	'2018-08-24',	2,	'Day rounds',	'08:00:00',	'16:00:00',	'666666',	'edffd4',	0,	1),
(50,	91,	0,	'2018-08',	'2018-08-24',	1,	'Day 7a-7p',	'07:00:00',	'19:00:00',	'999999',	'bbe7a9',	0,	1),
(51,	90,	0,	'2018-08',	'2018-08-25',	2,	'Day rounds',	'08:00:00',	'16:00:00',	'666666',	'edffd4',	0,	1),
(52,	91,	0,	'2018-08',	'2018-08-25',	1,	'Day 7a-7p',	'07:00:00',	'19:00:00',	'999999',	'bbe7a9',	0,	1),
(53,	90,	0,	'2018-08',	'2018-08-26',	2,	'Day rounds',	'08:00:00',	'16:00:00',	'666666',	'edffd4',	0,	1),
(54,	92,	0,	'2018-08',	'2018-08-26',	1,	'Day 7a-7p',	'07:00:00',	'19:00:00',	'999999',	'bbe7a9',	0,	1),
(56,	89,	0,	'2018-08',	'2018-08-27',	1,	'Day 7a-7p',	'07:00:00',	'19:00:00',	'999999',	'bbe7a9',	0,	1),
(57,	91,	0,	'2018-08',	'2018-08-27',	2,	'Day rounds',	'08:00:00',	'16:00:00',	'666666',	'edffd4',	0,	1),
(58,	92,	0,	'2018-08',	'2018-08-27',	1,	'Day 9a-9p',	'09:00:00',	'21:00:00',	'ffffff',	'f1c40f',	0,	0),
(60,	91,	0,	'2018-08',	'2018-08-28',	2,	'Day rounds',	'08:00:00',	'16:00:00',	'666666',	'edffd4',	0,	1),
(61,	92,	0,	'2018-08',	'2018-08-28',	2,	'Day rounds',	'08:00:00',	'16:00:00',	'666666',	'edffd4',	0,	1),
(63,	90,	0,	'2018-08',	'2018-08-29',	2,	'Day rounds',	'08:00:00',	'16:00:00',	'666666',	'edffd4',	0,	1),
(65,	89,	0,	'2018-08',	'2018-08-30',	2,	'Day rounds',	'08:00:00',	'16:00:00',	'666666',	'edffd4',	0,	1),
(66,	91,	0,	'2018-08',	'2018-08-30',	1,	'Day 7a-7p',	'07:00:00',	'19:00:00',	'999999',	'bbe7a9',	0,	1),
(67,	91,	0,	'2018-08',	'2018-08-31',	2,	'Day rounds',	'08:00:00',	'16:00:00',	'666666',	'edffd4',	0,	1),
(68,	92,	0,	'2018-08',	'2018-08-31',	1,	'Day 7a-7p',	'07:00:00',	'19:00:00',	'999999',	'bbe7a9',	0,	1),
(70,	89,	0,	'2018-08',	'2018-08-04',	1,	'Day 7a-7p',	'07:00:00',	'19:00:00',	'999999',	'bbe7a9',	0,	1),
(71,	89,	0,	'2018-08',	'2018-08-04',	1,	'Day 7a-7p',	'07:00:00',	'19:00:00',	'999999',	'bbe7a9',	0,	1),
(72,	89,	0,	'2018-08',	'2018-08-04',	1,	'Day 7a-7p',	'07:00:00',	'19:00:00',	'999999',	'bbe7a9',	0,	1),
(75,	89,	0,	'2018-08',	'2018-08-11',	2,	'Day rounds',	'08:00:00',	'16:00:00',	'666666',	'edffd4',	0,	1),
(76,	91,	0,	'2018-08',	'2018-08-17',	1,	'Day 7a-7p',	'07:00:00',	'19:00:00',	'999999',	'bbe7a9',	0,	1),
(77,	90,	0,	'2018-08',	'2018-08-18',	1,	'Day 7a-7p',	'07:00:00',	'19:00:00',	'999999',	'bbe7a9',	0,	1),
(78,	90,	0,	'2018-08',	'2018-08-19',	2,	'Day rounds',	'08:00:00',	'16:00:00',	'666666',	'edffd4',	0,	1),
(79,	92,	0,	'2018-08',	'2018-08-19',	1,	'Day 7a-7p',	'07:00:00',	'19:00:00',	'999999',	'bbe7a9',	0,	1),
(80,	91,	0,	'2018-08',	'2018-08-22',	2,	'Day rounds',	'08:00:00',	'16:00:00',	'666666',	'edffd4',	0,	1),
(81,	89,	0,	'2018-08',	'2018-08-24',	1,	'Day 7a-7p',	'07:00:00',	'19:00:00',	'999999',	'bbe7a9',	0,	1),
(83,	91,	0,	'2018-08',	'2018-08-26',	1,	'Day 7a-7p',	'07:00:00',	'19:00:00',	'999999',	'bbe7a9',	0,	1),
(84,	89,	0,	'2018-08',	'2018-08-31',	1,	'Day 7a-7p',	'07:00:00',	'19:00:00',	'999999',	'bbe7a9',	0,	1),
(85,	92,	0,	'2018-08',	'2018-08-01',	2,	'Day rounds',	'08:00:00',	'16:00:00',	'666666',	'edffd4',	0,	1),
(86,	91,	0,	'2018-08',	'2018-08-02',	1,	'Day 7a-7p',	'07:00:00',	'19:00:00',	'999999',	'bbe7a9',	0,	1),
(87,	91,	0,	'2018-08',	'2018-08-06',	2,	'Day rounds',	'08:00:00',	'16:00:00',	'666666',	'edffd4',	0,	1),
(88,	91,	0,	'2018-08',	'2018-08-07',	1,	'Day 7a-7p',	'07:00:00',	'19:00:00',	'999999',	'bbe7a9',	0,	1),
(89,	90,	0,	'2018-08',	'2018-08-10',	1,	'Day 7a-7p',	'07:00:00',	'19:00:00',	'999999',	'bbe7a9',	0,	1),
(92,	92,	0,	'2018-08',	'2018-08-17',	1,	'Day 7a-7p',	'07:00:00',	'19:00:00',	'999999',	'bbe7a9',	0,	1),
(93,	89,	0,	'2018-08',	'2018-08-18',	1,	'Day 7a-7p',	'07:00:00',	'19:00:00',	'999999',	'bbe7a9',	0,	1),
(94,	91,	0,	'2018-08',	'2018-08-24',	1,	'Day 7a-7p',	'07:00:00',	'19:00:00',	'999999',	'bbe7a9',	0,	1),
(95,	89,	0,	'2018-08',	'2018-08-25',	2,	'Day rounds',	'08:00:00',	'16:00:00',	'666666',	'edffd4',	0,	1),
(96,	89,	0,	'2018-08',	'2018-08-28',	2,	'Day rounds',	'08:00:00',	'16:00:00',	'666666',	'edffd4',	0,	1),
(97,	89,	0,	'2018-08',	'2018-08-29',	1,	'Day 7a-7p',	'07:00:00',	'19:00:00',	'999999',	'bbe7a9',	0,	1),
(98,	91,	0,	'2018-08',	'2018-08-29',	1,	'Day 7a-7p',	'07:00:00',	'19:00:00',	'999999',	'bbe7a9',	0,	1),
(99,	90,	0,	'2018-08',	'2018-08-30',	1,	'Day 7a-7p',	'07:00:00',	'19:00:00',	'999999',	'bbe7a9',	0,	1),
(100,	89,	0,	'2018-08',	'2018-08-12',	1,	'Day 7a-7p',	'07:00:00',	'19:00:00',	'999999',	'bbe7a9',	0,	1),
(101,	89,	0,	'2018-08',	'2018-08-02',	2,	'Day rounds',	'08:00:00',	'16:00:00',	'666666',	'edffd4',	0,	1),
(102,	91,	0,	'2018-08',	'2018-08-06',	1,	'Day 7a-7p',	'07:00:00',	'19:00:00',	'999999',	'bbe7a9',	0,	1),
(103,	89,	0,	'2018-08',	'2018-08-07',	2,	'Day rounds',	'08:00:00',	'16:00:00',	'666666',	'edffd4',	0,	1),
(104,	92,	0,	'2018-08',	'2018-08-07',	1,	'Day 7a-7p',	'07:00:00',	'19:00:00',	'999999',	'bbe7a9',	0,	1),
(105,	91,	0,	'2018-08',	'2018-08-12',	1,	'Day 7a-7p',	'07:00:00',	'19:00:00',	'999999',	'bbe7a9',	0,	1),
(107,	89,	0,	'2018-08',	'2018-08-07',	2,	'Day rounds',	'08:00:00',	'16:00:00',	'666666',	'edffd4',	0,	1),
(108,	89,	0,	'2018-08',	'2018-08-07',	2,	'Day rounds',	'08:00:00',	'16:00:00',	'666666',	'edffd4',	0,	1),
(109,	89,	0,	'2018-08',	'2018-08-07',	2,	'Day rounds',	'08:00:00',	'16:00:00',	'666666',	'edffd4',	0,	1),
(110,	89,	0,	'2018-08',	'2018-08-07',	2,	'Day rounds',	'08:00:00',	'16:00:00',	'666666',	'edffd4',	0,	1),
(111,	89,	0,	'2018-08',	'2018-08-07',	2,	'Day rounds',	'08:00:00',	'16:00:00',	'666666',	'edffd4',	0,	1),
(112,	89,	0,	'2018-08',	'2018-08-07',	2,	'Day rounds',	'08:00:00',	'16:00:00',	'666666',	'edffd4',	0,	1),
(113,	89,	0,	'2018-08',	'2018-08-07',	1,	'Day 7a-7p',	'07:00:00',	'19:00:00',	'999999',	'bbe7a9',	0,	1),
(114,	89,	0,	'2018-08',	'2018-08-06',	1,	'Day 7a-7p',	'07:00:00',	'19:00:00',	'999999',	'bbe7a9',	0,	1),
(115,	89,	0,	'2018-08',	'2018-08-06',	1,	'Day 7a-7p',	'07:00:00',	'19:00:00',	'999999',	'bbe7a9',	0,	1),
(116,	89,	0,	'2018-08',	'2018-08-06',	2,	'Day rounds',	'08:00:00',	'16:00:00',	'666666',	'edffd4',	0,	1),
(117,	89,	0,	'2018-08',	'2018-08-06',	1,	'Day 7a-7p',	'07:00:00',	'19:00:00',	'999999',	'bbe7a9',	0,	1),
(118,	89,	0,	'2018-08',	'2018-08-07',	2,	'Day rounds',	'08:00:00',	'16:00:00',	'666666',	'edffd4',	0,	1),
(119,	89,	0,	'2018-08',	'2018-08-06',	1,	'Day 7a-7p',	'07:00:00',	'19:00:00',	'999999',	'bbe7a9',	0,	1),
(120,	89,	0,	'2018-08',	'2018-08-05',	2,	'Day rounds',	'08:00:00',	'16:00:00',	'666666',	'edffd4',	0,	1),
(121,	89,	0,	'2018-08',	'2018-08-06',	1,	'Day 7a-7p',	'07:00:00',	'19:00:00',	'999999',	'bbe7a9',	0,	1),
(122,	89,	0,	'2018-08',	'2018-08-08',	2,	'Day rounds',	'08:00:00',	'16:00:00',	'666666',	'edffd4',	0,	1),
(123,	89,	0,	'2018-08',	'2018-08-09',	1,	'Day 7a-7p',	'07:00:00',	'19:00:00',	'999999',	'bbe7a9',	0,	1),
(124,	89,	0,	'2018-08',	'2018-08-07',	2,	'Day rounds',	'08:00:00',	'16:00:00',	'666666',	'edffd4',	0,	1),
(125,	89,	0,	'2018-08',	'2018-08-07',	2,	'Day rounds',	'08:00:00',	'16:00:00',	'666666',	'edffd4',	0,	1),
(126,	89,	0,	'2018-08',	'2018-08-07',	2,	'Day rounds',	'08:00:00',	'16:00:00',	'666666',	'edffd4',	0,	1),
(127,	89,	0,	'2018-08',	'2018-08-07',	1,	'Day 7a-7p',	'07:00:00',	'19:00:00',	'999999',	'bbe7a9',	0,	1),
(128,	89,	0,	'2018-08',	'2018-08-07',	2,	'Day rounds',	'08:00:00',	'16:00:00',	'666666',	'edffd4',	0,	1),
(129,	89,	0,	'2018-08',	'2018-08-06',	2,	'Day rounds',	'08:00:00',	'16:00:00',	'666666',	'edffd4',	0,	1),
(130,	89,	0,	'2018-08',	'2018-08-06',	1,	'Day 7a-7p',	'07:00:00',	'19:00:00',	'999999',	'bbe7a9',	0,	1),
(131,	89,	0,	'2018-08',	'2018-08-01',	1,	'Day 7a-7p',	'07:00:00',	'19:00:00',	'999999',	'bbe7a9',	0,	1),
(132,	89,	0,	'2018-08',	'2018-08-03',	1,	'Day 7a-7p',	'07:00:00',	'19:00:00',	'999999',	'bbe7a9',	0,	1),
(133,	89,	0,	'2018-08',	'2018-08-04',	1,	'Day 7a-7p',	'07:00:00',	'19:00:00',	'999999',	'bbe7a9',	0,	1),
(134,	89,	0,	'2018-08',	'2018-08-02',	2,	'Day rounds',	'08:00:00',	'16:00:00',	'666666',	'edffd4',	0,	1),
(135,	89,	0,	'2018-08',	'2018-08-05',	1,	'Day 7a-7p',	'07:00:00',	'19:00:00',	'999999',	'bbe7a9',	0,	1),
(136,	89,	0,	'2018-08',	'2018-08-08',	2,	'Day rounds',	'08:00:00',	'16:00:00',	'666666',	'edffd4',	0,	1),
(137,	89,	0,	'2018-08',	'2018-08-08',	1,	'Day 7a-7p',	'07:00:00',	'19:00:00',	'999999',	'bbe7a9',	0,	1),
(138,	89,	0,	'2018-08',	'2018-08-08',	1,	'Day 7a-7p',	'07:00:00',	'19:00:00',	'999999',	'bbe7a9',	0,	1),
(139,	91,	0,	'2018-08',	'2018-08-09',	2,	'Day rounds',	'08:00:00',	'16:00:00',	'666666',	'edffd4',	0,	1),
(140,	92,	0,	'2018-08',	'2018-08-01',	1,	'Day 7a-7p',	'07:00:00',	'19:00:00',	'999999',	'bbe7a9',	0,	1),
(141,	90,	0,	'2018-08',	'2018-08-03',	2,	'Day rounds',	'08:00:00',	'16:00:00',	'666666',	'edffd4',	0,	1),
(142,	91,	0,	'2018-08',	'2018-08-03',	1,	'Day 7a-7p',	'07:00:00',	'19:00:00',	'999999',	'bbe7a9',	0,	1),
(143,	90,	0,	'2018-08',	'2018-08-04',	1,	'Day 7a-7p',	'07:00:00',	'19:00:00',	'999999',	'bbe7a9',	0,	1),
(144,	89,	0,	'2018-08',	'2018-08-13',	1,	'Day 7a-7p',	'07:00:00',	'19:00:00',	'999999',	'bbe7a9',	0,	1),
(145,	90,	0,	'2018-08',	'2018-08-13',	2,	'Day rounds',	'08:00:00',	'16:00:00',	'666666',	'edffd4',	0,	1),
(147,	89,	0,	'2018-08',	'2018-08-24',	1,	'Day 7a-7p',	'07:00:00',	'19:00:00',	'999999',	'bbe7a9',	0,	1),
(149,	89,	0,	'2018-08',	'2018-08-26',	1,	'Day 7a-7p',	'07:00:00',	'19:00:00',	'999999',	'bbe7a9',	0,	1),
(150,	91,	0,	'2018-08',	'2018-08-26',	2,	'Day rounds',	'08:00:00',	'16:00:00',	'666666',	'edffd4',	0,	1),
(152,	90,	0,	'2018-08',	'2018-08-29',	2,	'Day rounds',	'08:00:00',	'16:00:00',	'666666',	'edffd4',	0,	1),
(153,	92,	0,	'2018-08',	'2018-08-29',	2,	'Day rounds',	'08:00:00',	'16:00:00',	'666666',	'edffd4',	0,	1),
(154,	89,	0,	'2018-08',	'2018-08-31',	1,	'Day 7a-7p',	'07:00:00',	'19:00:00',	'999999',	'bbe7a9',	0,	1),
(155,	92,	0,	'2018-08',	'2018-08-13',	1,	'Day 7a-7p',	'07:00:00',	'19:00:00',	'999999',	'bbe7a9',	0,	1),
(157,	90,	0,	'2018-08',	'2018-08-14',	1,	'Day 7a-7p',	'07:00:00',	'19:00:00',	'999999',	'bbe7a9',	0,	1),
(158,	91,	0,	'2018-08',	'2018-08-18',	2,	'Day rounds',	'08:00:00',	'16:00:00',	'666666',	'edffd4',	0,	1),
(159,	89,	0,	'2018-08',	'2018-08-28',	1,	'Day 9a-9p',	'09:00:00',	'21:00:00',	'ffffff',	'f1c40f',	0,	0),
(160,	89,	0,	'2018-08',	'2018-08-29',	1,	'Day 7a-7p',	'07:00:00',	'19:00:00',	'999999',	'bbe7a9',	0,	1),
(161,	91,	0,	'2018-08',	'2018-08-29',	1,	'Day 7a-7p',	'07:00:00',	'19:00:00',	'999999',	'bbe7a9',	0,	1),
(162,	89,	0,	'2018-08',	'2018-08-11',	2,	'Day rounds',	'08:00:00',	'16:00:00',	'666666',	'edffd4',	0,	1),
(163,	91,	0,	'2018-08',	'2018-08-14',	2,	'Day rounds',	'08:00:00',	'16:00:00',	'666666',	'edffd4',	0,	1),
(164,	90,	0,	'2018-08',	'2018-08-15',	2,	'Day rounds',	'08:00:00',	'16:00:00',	'666666',	'edffd4',	0,	1),
(165,	91,	0,	'2018-08',	'2018-08-20',	2,	'Day rounds',	'08:00:00',	'16:00:00',	'666666',	'edffd4',	0,	1),
(166,	92,	0,	'2018-08',	'2018-08-30',	1,	'Day 7a-7p',	'07:00:00',	'19:00:00',	'999999',	'bbe7a9',	0,	1),
(167,	89,	0,	'2018-08',	'2018-08-31',	1,	'Day 7a-7p',	'07:00:00',	'19:00:00',	'999999',	'bbe7a9',	0,	1),
(168,	92,	0,	'2018-08',	'2018-08-29',	2,	'Day rounds',	'08:00:00',	'16:00:00',	'666666',	'edffd4',	0,	1),
(169,	90,	0,	'2018-08',	'2018-08-30',	1,	'Day 7a-7p',	'07:00:00',	'19:00:00',	'999999',	'bbe7a9',	0,	1),
(170,	92,	0,	'2018-08',	'2018-08-13',	1,	'Day 9a-9p',	'09:00:00',	'21:00:00',	'ffffff',	'f1c40f',	0,	0),
(172,	89,	0,	'2018-08',	'2018-08-31',	1,	'Day 7a-7p',	'07:00:00',	'19:00:00',	'999999',	'bbe7a9',	0,	1),
(173,	90,	0,	'2018-08',	'2018-08-31',	1,	'Day 9a-9p',	'09:00:00',	'21:00:00',	'ffffff',	'f1c40f',	0,	0),
(174,	89,	0,	'2018-08',	'2018-08-18',	1,	'Day 7a-7p',	'07:00:00',	'19:00:00',	'999999',	'bbe7a9',	0,	1),
(175,	91,	0,	'2018-08',	'2018-08-20',	1,	'Day 7a-7p',	'07:00:00',	'19:00:00',	'999999',	'bbe7a9',	0,	1),
(176,	92,	0,	'2018-08',	'2018-08-29',	1,	'Day 7a-7p',	'07:00:00',	'19:00:00',	'999999',	'bbe7a9',	0,	1),
(177,	92,	0,	'2018-08',	'2018-08-31',	1,	'Day 7a-7p',	'07:00:00',	'19:00:00',	'999999',	'bbe7a9',	0,	1),
(178,	89,	0,	'2018-09',	'2018-09-01',	2,	'Day rounds',	'08:00:00',	'16:00:00',	'666666',	'edffd4',	0,	1),
(179,	96,	0,	'2018-08',	'2018-08-01',	7,	'Night 7p-7a',	'19:00:00',	'07:00:00',	'ffffff',	'27ae60',	0,	0),
(180,	95,	0,	'2018-08',	'2018-08-02',	7,	'Night 7p-7a',	'19:00:00',	'07:00:00',	'ffffff',	'27ae60',	0,	0),
(181,	95,	0,	'2018-08',	'2018-08-03',	7,	'Night 7p-7a',	'19:00:00',	'07:00:00',	'ffffff',	'27ae60',	0,	0),
(182,	95,	0,	'2018-08',	'2018-08-06',	7,	'Night 7p-7a',	'19:00:00',	'07:00:00',	'ffffff',	'990000',	0,	1),
(183,	95,	0,	'2018-08',	'2018-08-12',	7,	'Night 7p-7a',	'19:00:00',	'07:00:00',	'ffffff',	'990000',	0,	1),
(184,	96,	0,	'2018-08',	'2018-08-13',	7,	'Night 7p-7a',	'19:00:00',	'07:00:00',	'ffffff',	'990000',	0,	1),
(185,	96,	0,	'2018-08',	'2018-08-15',	7,	'Night 7p-7a',	'19:00:00',	'07:00:00',	'ffffff',	'27ae60',	0,	0),
(186,	95,	0,	'2018-08',	'2018-08-18',	7,	'Night 7p-7a',	'19:00:00',	'07:00:00',	'ffffff',	'27ae60',	0,	0),
(187,	95,	0,	'2018-08',	'2018-08-22',	7,	'Night 7p-7a',	'19:00:00',	'07:00:00',	'ffffff',	'27ae60',	0,	0),
(188,	96,	0,	'2018-08',	'2018-08-23',	7,	'Night 7p-7a',	'19:00:00',	'07:00:00',	'ffffff',	'27ae60',	0,	0),
(189,	96,	0,	'2018-08',	'2018-08-26',	7,	'Night 7p-7a',	'19:00:00',	'07:00:00',	'ffffff',	'27ae60',	0,	0),
(190,	95,	0,	'2018-08',	'2018-08-28',	7,	'Night 7p-7a',	'19:00:00',	'07:00:00',	'ffffff',	'990000',	0,	1),
(191,	96,	0,	'2018-08',	'2018-08-29',	7,	'Night 7p-7a',	'19:00:00',	'07:00:00',	'ffffff',	'27ae60',	0,	0),
(192,	96,	0,	'2018-08',	'2018-08-05',	7,	'Night 7p-7a',	'19:00:00',	'07:00:00',	'ffffff',	'990000',	0,	1),
(193,	95,	0,	'2018-08',	'2018-08-07',	7,	'Night 7p-7a',	'19:00:00',	'07:00:00',	'ffffff',	'990000',	0,	1),
(194,	96,	0,	'2018-08',	'2018-08-07',	7,	'Night 7p-7a',	'19:00:00',	'07:00:00',	'ffffff',	'27ae60',	0,	0),
(195,	95,	0,	'2018-08',	'2018-08-08',	7,	'Night 7p-7a',	'19:00:00',	'07:00:00',	'ffffff',	'990000',	0,	1),
(196,	96,	0,	'2018-08',	'2018-08-09',	7,	'Night 7p-7a',	'19:00:00',	'07:00:00',	'ffffff',	'990000',	0,	1),
(197,	95,	0,	'2018-08',	'2018-08-10',	7,	'Night 7p-7a',	'19:00:00',	'07:00:00',	'ffffff',	'990000',	0,	1),
(198,	96,	0,	'2018-08',	'2018-08-16',	7,	'Night 7p-7a',	'19:00:00',	'07:00:00',	'ffffff',	'27ae60',	0,	0),
(199,	96,	0,	'2018-08',	'2018-08-20',	7,	'Night 7p-7a',	'19:00:00',	'07:00:00',	'ffffff',	'990000',	0,	1),
(200,	95,	0,	'2018-08',	'2018-08-24',	7,	'Night 7p-7a',	'19:00:00',	'07:00:00',	'ffffff',	'27ae60',	0,	0),
(201,	96,	0,	'2018-08',	'2018-08-24',	7,	'Night 7p-7a',	'19:00:00',	'07:00:00',	'ffffff',	'990000',	0,	1),
(202,	95,	0,	'2018-08',	'2018-08-25',	7,	'Night 7p-7a',	'19:00:00',	'07:00:00',	'ffffff',	'27ae60',	0,	0),
(203,	95,	0,	'2018-08',	'2018-08-04',	7,	'Night 7p-7a',	'19:00:00',	'07:00:00',	'ffffff',	'990000',	0,	1),
(204,	96,	0,	'2018-08',	'2018-08-04',	7,	'Night 7p-7a',	'19:00:00',	'07:00:00',	'ffffff',	'27ae60',	0,	0),
(205,	96,	0,	'2018-08',	'2018-08-10',	7,	'Night 7p-7a',	'19:00:00',	'07:00:00',	'ffffff',	'27ae60',	0,	0),
(206,	96,	0,	'2018-08',	'2018-08-13',	7,	'Night 7p-7a',	'19:00:00',	'07:00:00',	'ffffff',	'27ae60',	0,	0),
(207,	95,	0,	'2018-08',	'2018-08-14',	7,	'Night 7p-7a',	'19:00:00',	'07:00:00',	'ffffff',	'27ae60',	0,	0),
(208,	95,	0,	'2018-08',	'2018-08-17',	7,	'Night 7p-7a',	'19:00:00',	'07:00:00',	'ffffff',	'27ae60',	0,	0),
(209,	96,	0,	'2018-08',	'2018-08-17',	7,	'Night 7p-7a',	'19:00:00',	'07:00:00',	'ffffff',	'990000',	0,	1),
(210,	95,	0,	'2018-08',	'2018-08-20',	7,	'Night 7p-7a',	'19:00:00',	'07:00:00',	'ffffff',	'27ae60',	0,	0),
(211,	95,	0,	'2018-08',	'2018-08-21',	7,	'Night 7p-7a',	'19:00:00',	'07:00:00',	'ffffff',	'27ae60',	0,	0),
(212,	96,	0,	'2018-08',	'2018-08-27',	7,	'Night 7p-7a',	'19:00:00',	'07:00:00',	'ffffff',	'27ae60',	0,	0),
(213,	96,	0,	'2018-08',	'2018-08-28',	7,	'Night 7p-7a',	'19:00:00',	'07:00:00',	'ffffff',	'990000',	0,	1),
(214,	95,	0,	'2018-08',	'2018-08-31',	7,	'Night 7p-7a',	'19:00:00',	'07:00:00',	'ffffff',	'27ae60',	0,	0),
(215,	95,	0,	'2018-08',	'2018-08-05',	7,	'Night 7p-7a',	'19:00:00',	'07:00:00',	'ffffff',	'27ae60',	0,	0),
(216,	95,	0,	'2018-08',	'2018-08-06',	7,	'Night 7p-7a',	'19:00:00',	'07:00:00',	'ffffff',	'27ae60',	0,	0),
(217,	96,	0,	'2018-08',	'2018-08-11',	7,	'Night 7p-7a',	'19:00:00',	'07:00:00',	'ffffff',	'27ae60',	0,	0),
(218,	96,	0,	'2018-08',	'2018-08-19',	7,	'Night 7p-7a',	'19:00:00',	'07:00:00',	'ffffff',	'27ae60',	0,	0),
(219,	96,	0,	'2018-08',	'2018-08-30',	7,	'Night 7p-7a',	'19:00:00',	'07:00:00',	'ffffff',	'27ae60',	0,	0),
(220,	96,	0,	'2018-08',	'2018-08-08',	7,	'Night 7p-7a',	'19:00:00',	'07:00:00',	'ffffff',	'27ae60',	0,	0),
(221,	96,	0,	'2018-08',	'2018-08-12',	7,	'Night 7p-7a',	'19:00:00',	'07:00:00',	'ffffff',	'27ae60',	0,	0),
(222,	96,	0,	'2018-08',	'2018-08-28',	7,	'Night 7p-7a',	'19:00:00',	'07:00:00',	'ffffff',	'27ae60',	0,	0),
(223,	96,	0,	'2018-08',	'2018-08-31',	7,	'Night 7p-7a',	'19:00:00',	'07:00:00',	'ffffff',	'990000',	0,	1),
(224,	95,	0,	'2018-08',	'2018-08-09',	7,	'Night 7p-7a',	'19:00:00',	'07:00:00',	'ffffff',	'27ae60',	0,	0),
(225,	95,	0,	'2018-08',	'2018-08-30',	7,	'Night 7p-7a',	'19:00:00',	'07:00:00',	'ffffff',	'27ae60',	0,	0),
(226,	90,	0,	'2018-08',	'2018-08-01',	2,	'Day rounds',	'08:00:00',	'16:00:00',	'666666',	'edffd4',	0,	1),
(227,	91,	0,	'2018-08',	'2018-08-01',	2,	'Day rounds',	'08:00:00',	'16:00:00',	'666666',	'edffd4',	0,	1),
(228,	91,	0,	'2018-08',	'2018-08-02',	1,	'Day 7a-7p',	'07:00:00',	'19:00:00',	'999999',	'bbe7a9',	0,	1),
(229,	92,	0,	'2018-08',	'2018-08-02',	2,	'Day rounds',	'08:00:00',	'16:00:00',	'666666',	'edffd4',	0,	1),
(230,	89,	0,	'2018-08',	'2018-08-03',	2,	'Day rounds',	'08:00:00',	'16:00:00',	'666666',	'edffd4',	0,	1),
(231,	89,	0,	'2018-08',	'2018-08-05',	1,	'Day 9a-9p',	'09:00:00',	'21:00:00',	'ffffff',	'f1c40f',	0,	0),
(232,	91,	0,	'2018-08',	'2018-08-05',	1,	'Day 7a-7p',	'07:00:00',	'19:00:00',	'999999',	'bbe7a9',	0,	1),
(233,	89,	0,	'2018-08',	'2018-08-06',	2,	'Day rounds',	'08:00:00',	'16:00:00',	'666666',	'edffd4',	0,	1),
(235,	90,	0,	'2018-08',	'2018-08-07',	1,	'Day 7a-7p',	'07:00:00',	'19:00:00',	'999999',	'bbe7a9',	0,	1),
(237,	91,	0,	'2018-08',	'2018-08-08',	1,	'Day 9a-9p',	'09:00:00',	'21:00:00',	'ffffff',	'f1c40f',	0,	0),
(238,	92,	0,	'2018-08',	'2018-08-08',	1,	'Day 7a-7p',	'07:00:00',	'19:00:00',	'999999',	'bbe7a9',	0,	1),
(239,	89,	0,	'2018-08',	'2018-08-09',	1,	'Day 7a-7p',	'07:00:00',	'19:00:00',	'999999',	'bbe7a9',	0,	1),
(240,	90,	0,	'2018-08',	'2018-08-09',	2,	'Day rounds',	'08:00:00',	'16:00:00',	'666666',	'edffd4',	0,	1),
(242,	89,	0,	'2018-08',	'2018-08-10',	1,	'Day 7a-7p',	'07:00:00',	'19:00:00',	'999999',	'bbe7a9',	0,	1),
(243,	92,	0,	'2018-08',	'2018-08-10',	1,	'Day 7a-7p',	'07:00:00',	'19:00:00',	'999999',	'bbe7a9',	0,	1),
(244,	89,	0,	'2018-08',	'2018-08-11',	2,	'Day rounds',	'08:00:00',	'16:00:00',	'666666',	'edffd4',	0,	1),
(246,	90,	0,	'2018-08',	'2018-08-12',	1,	'Day 9a-9p',	'09:00:00',	'21:00:00',	'ffffff',	'f1c40f',	0,	0),
(248,	89,	0,	'2018-08',	'2018-08-13',	1,	'Day 7a-7p',	'07:00:00',	'19:00:00',	'999999',	'bbe7a9',	0,	1),
(249,	91,	0,	'2018-08',	'2018-08-13',	1,	'Day 7a-7p',	'07:00:00',	'19:00:00',	'999999',	'bbe7a9',	0,	1),
(250,	92,	0,	'2018-08',	'2018-08-14',	1,	'Day 9a-9p',	'09:00:00',	'21:00:00',	'ffffff',	'f1c40f',	0,	0),
(252,	90,	0,	'2018-08',	'2018-08-15',	1,	'Day 7a-7p',	'07:00:00',	'19:00:00',	'999999',	'bbe7a9',	0,	1),
(253,	91,	0,	'2018-08',	'2018-08-15',	2,	'Day rounds',	'08:00:00',	'16:00:00',	'666666',	'edffd4',	0,	1),
(254,	92,	0,	'2018-08',	'2018-08-15',	2,	'Day rounds',	'08:00:00',	'16:00:00',	'666666',	'edffd4',	0,	1),
(255,	90,	0,	'2018-08',	'2018-08-16',	2,	'Day rounds',	'08:00:00',	'16:00:00',	'666666',	'edffd4',	0,	1),
(256,	90,	0,	'2018-08',	'2018-08-17',	1,	'Day 7a-7p',	'07:00:00',	'19:00:00',	'999999',	'bbe7a9',	0,	1),
(258,	89,	0,	'2018-08',	'2018-08-18',	1,	'Day 7a-7p',	'07:00:00',	'19:00:00',	'999999',	'bbe7a9',	0,	1),
(259,	91,	0,	'2018-08',	'2018-08-18',	2,	'Day rounds',	'08:00:00',	'16:00:00',	'666666',	'edffd4',	0,	1),
(260,	92,	0,	'2018-08',	'2018-08-18',	1,	'Day 7a-7p',	'07:00:00',	'19:00:00',	'999999',	'bbe7a9',	0,	1),
(261,	89,	0,	'2018-08',	'2018-08-19',	1,	'Day 7a-7p',	'07:00:00',	'19:00:00',	'999999',	'bbe7a9',	0,	1),
(262,	91,	0,	'2018-08',	'2018-08-19',	2,	'Day rounds',	'08:00:00',	'16:00:00',	'666666',	'edffd4',	0,	1),
(263,	89,	0,	'2018-08',	'2018-08-20',	2,	'Day rounds',	'08:00:00',	'16:00:00',	'666666',	'edffd4',	0,	1),
(264,	91,	0,	'2018-08',	'2018-08-21',	1,	'Day 9a-9p',	'09:00:00',	'21:00:00',	'ffffff',	'f1c40f',	0,	0),
(265,	90,	0,	'2018-08',	'2018-08-22',	2,	'Day rounds',	'08:00:00',	'16:00:00',	'666666',	'edffd4',	0,	1),
(266,	89,	0,	'2018-08',	'2018-08-23',	1,	'Day 9a-9p',	'09:00:00',	'21:00:00',	'ffffff',	'f1c40f',	0,	0),
(267,	91,	0,	'2018-08',	'2018-08-23',	2,	'Day rounds',	'08:00:00',	'16:00:00',	'666666',	'edffd4',	0,	1),
(268,	91,	0,	'2018-08',	'2018-08-24',	2,	'Day rounds',	'08:00:00',	'16:00:00',	'666666',	'edffd4',	0,	1),
(269,	92,	0,	'2018-08',	'2018-08-24',	1,	'Day 9a-9p',	'09:00:00',	'21:00:00',	'ffffff',	'f1c40f',	0,	0),
(270,	89,	0,	'2018-08',	'2018-08-25',	2,	'Day rounds',	'08:00:00',	'16:00:00',	'666666',	'edffd4',	0,	1),
(271,	89,	0,	'2018-08',	'2018-08-26',	1,	'Day 7a-7p',	'07:00:00',	'19:00:00',	'999999',	'bbe7a9',	0,	1),
(272,	90,	0,	'2018-08',	'2018-08-26',	1,	'Day 7a-7p',	'07:00:00',	'19:00:00',	'999999',	'bbe7a9',	0,	1),
(274,	90,	0,	'2018-08',	'2018-08-29',	1,	'Day 7a-7p',	'07:00:00',	'19:00:00',	'999999',	'bbe7a9',	0,	1),
(276,	92,	0,	'2018-08',	'2018-08-30',	2,	'Day rounds',	'08:00:00',	'16:00:00',	'666666',	'edffd4',	0,	1),
(278,	90,	0,	'2018-08',	'2018-08-10',	2,	'Day rounds',	'08:00:00',	'16:00:00',	'666666',	'edffd4',	0,	1),
(279,	92,	0,	'2018-08',	'2018-08-12',	1,	'Day 7a-7p',	'07:00:00',	'19:00:00',	'999999',	'bbe7a9',	0,	1),
(280,	91,	0,	'2018-08',	'2018-08-25',	2,	'Day rounds',	'08:00:00',	'16:00:00',	'666666',	'edffd4',	0,	1),
(281,	92,	0,	'2018-08',	'2018-08-25',	1,	'Day 7a-7p',	'07:00:00',	'19:00:00',	'999999',	'bbe7a9',	0,	1),
(282,	89,	0,	'2018-08',	'2018-08-31',	1,	'Day 7a-7p',	'07:00:00',	'19:00:00',	'999999',	'bbe7a9',	0,	1),
(283,	91,	0,	'2018-08',	'2018-08-17',	1,	'Day 7a-7p',	'07:00:00',	'19:00:00',	'999999',	'bbe7a9',	0,	1),
(284,	91,	0,	'2018-08',	'2018-08-23',	2,	'Day rounds',	'08:00:00',	'16:00:00',	'666666',	'edffd4',	0,	1),
(285,	90,	0,	'2018-08',	'2018-08-24',	1,	'Day 7a-7p',	'07:00:00',	'19:00:00',	'999999',	'bbe7a9',	0,	1),
(286,	90,	0,	'2018-08',	'2018-08-30',	2,	'Day rounds',	'08:00:00',	'16:00:00',	'666666',	'edffd4',	0,	1),
(287,	91,	0,	'2018-08',	'2018-08-31',	1,	'Day 7a-7p',	'07:00:00',	'19:00:00',	'999999',	'bbe7a9',	0,	1),
(288,	92,	0,	'2018-08',	'2018-08-31',	1,	'Day 9a-9p',	'09:00:00',	'21:00:00',	'ffffff',	'f1c40f',	0,	0),
(289,	91,	0,	'2018-08',	'2018-08-18',	2,	'Day rounds',	'08:00:00',	'16:00:00',	'666666',	'edffd4',	0,	1),
(291,	93,	0,	'2018-08',	'2018-08-01',	2,	'Day rounds',	'08:00:00',	'16:00:00',	'666666',	'edffd4',	0,	0),
(292,	93,	0,	'2018-08',	'2018-08-02',	2,	'Day rounds',	'08:00:00',	'16:00:00',	'666666',	'edffd4',	0,	1),
(293,	93,	0,	'2018-08',	'2018-08-03',	2,	'Day rounds',	'08:00:00',	'16:00:00',	'666666',	'edffd4',	0,	1),
(295,	93,	0,	'2018-08',	'2018-08-05',	2,	'Day rounds',	'08:00:00',	'16:00:00',	'666666',	'edffd4',	0,	1),
(296,	93,	0,	'2018-08',	'2018-08-06',	2,	'Day rounds',	'08:00:00',	'16:00:00',	'666666',	'edffd4',	0,	1),
(297,	93,	0,	'2018-08',	'2018-08-07',	2,	'Day rounds',	'08:00:00',	'16:00:00',	'666666',	'edffd4',	0,	1),
(300,	93,	0,	'2018-08',	'2018-08-10',	2,	'Day rounds',	'08:00:00',	'16:00:00',	'666666',	'edffd4',	0,	0),
(303,	93,	0,	'2018-08',	'2018-08-12',	2,	'Day rounds',	'08:00:00',	'16:00:00',	'666666',	'edffd4',	0,	1),
(306,	93,	0,	'2018-08',	'2018-08-15',	2,	'Day rounds',	'08:00:00',	'16:00:00',	'666666',	'edffd4',	0,	0),
(309,	93,	0,	'2018-08',	'2018-08-18',	2,	'Day rounds',	'08:00:00',	'16:00:00',	'666666',	'edffd4',	0,	1),
(310,	93,	0,	'2018-08',	'2018-08-19',	2,	'Day rounds',	'08:00:00',	'16:00:00',	'666666',	'edffd4',	0,	1),
(311,	93,	0,	'2018-08',	'2018-08-21',	2,	'Day rounds',	'08:00:00',	'16:00:00',	'666666',	'edffd4',	0,	1),
(312,	93,	0,	'2018-08',	'2018-08-22',	2,	'Day rounds',	'08:00:00',	'16:00:00',	'666666',	'edffd4',	0,	1),
(314,	93,	0,	'2018-08',	'2018-08-24',	2,	'Day rounds',	'08:00:00',	'16:00:00',	'666666',	'edffd4',	0,	0),
(315,	93,	0,	'2018-08',	'2018-08-25',	2,	'Day rounds',	'08:00:00',	'16:00:00',	'666666',	'edffd4',	0,	0),
(318,	93,	0,	'2018-08',	'2018-08-28',	2,	'Day rounds',	'08:00:00',	'16:00:00',	'666666',	'edffd4',	0,	0),
(320,	93,	0,	'2018-08',	'2018-08-29',	2,	'Day rounds',	'08:00:00',	'16:00:00',	'666666',	'edffd4',	0,	1),
(323,	93,	0,	'2018-08',	'2018-08-11',	2,	'Day rounds',	'08:00:00',	'16:00:00',	'666666',	'edffd4',	0,	0),
(325,	93,	0,	'2018-08',	'2018-08-20',	2,	'Day rounds',	'08:00:00',	'16:00:00',	'666666',	'edffd4',	0,	0),
(327,	93,	0,	'2018-08',	'2018-08-30',	2,	'Day rounds',	'08:00:00',	'16:00:00',	'666666',	'edffd4',	0,	0),
(328,	93,	0,	'2018-08',	'2018-08-31',	2,	'Day rounds',	'08:00:00',	'16:00:00',	'666666',	'edffd4',	0,	0),
(329,	89,	0,	'2018-08',	'2018-08-02',	1,	'Day 9a-9p',	'09:00:00',	'21:00:00',	'ffffff',	'f1c40f',	0,	0),
(330,	90,	0,	'2018-08',	'2018-08-03',	1,	'Day 7a-7p',	'07:00:00',	'19:00:00',	'999999',	'bbe7a9',	0,	1),
(331,	92,	0,	'2018-08',	'2018-08-03',	1,	'Day 9a-9p',	'09:00:00',	'21:00:00',	'ffffff',	'f1c40f',	0,	0),
(332,	89,	0,	'2018-08',	'2018-08-04',	1,	'Day 9a-9p',	'09:00:00',	'21:00:00',	'ffffff',	'f1c40f',	0,	0),
(333,	91,	0,	'2018-08',	'2018-08-04',	1,	'Day 9a-9p',	'09:00:00',	'21:00:00',	'ffffff',	'f1c40f',	0,	0),
(334,	92,	0,	'2018-08',	'2018-08-04',	1,	'Day 9a-9p',	'09:00:00',	'21:00:00',	'ffffff',	'f1c40f',	0,	0),
(335,	90,	0,	'2018-08',	'2018-08-05',	1,	'Day 7a-7p',	'07:00:00',	'19:00:00',	'999999',	'bbe7a9',	0,	1),
(337,	91,	0,	'2018-08',	'2018-08-09',	1,	'Day 9a-9p',	'09:00:00',	'21:00:00',	'ffffff',	'f1c40f',	0,	0),
(338,	89,	0,	'2018-08',	'2018-08-10',	1,	'Day 9a-9p',	'09:00:00',	'21:00:00',	'ffffff',	'f1c40f',	0,	0),
(339,	91,	0,	'2018-08',	'2018-08-11',	1,	'Day 7a-7p',	'07:00:00',	'19:00:00',	'999999',	'bbe7a9',	0,	1),
(340,	90,	0,	'2018-08',	'2018-08-14',	1,	'Day 7a-7p',	'07:00:00',	'19:00:00',	'999999',	'bbe7a9',	0,	1),
(341,	89,	0,	'2018-08',	'2018-08-16',	1,	'Day 7a-7p',	'07:00:00',	'19:00:00',	'999999',	'bbe7a9',	0,	1),
(343,	91,	0,	'2018-08',	'2018-08-18',	1,	'Day 7a-7p',	'07:00:00',	'19:00:00',	'999999',	'bbe7a9',	0,	1),
(344,	91,	0,	'2018-08',	'2018-08-19',	1,	'Day 7a-7p',	'07:00:00',	'19:00:00',	'999999',	'bbe7a9',	0,	1),
(345,	92,	0,	'2018-08',	'2018-08-19',	1,	'Day 7a-7p',	'07:00:00',	'19:00:00',	'999999',	'bbe7a9',	0,	1),
(346,	92,	0,	'2018-08',	'2018-08-20',	1,	'Day 9a-9p',	'09:00:00',	'21:00:00',	'ffffff',	'f1c40f',	0,	0),
(348,	90,	0,	'2018-08',	'2018-08-21',	1,	'Day 9a-9p',	'09:00:00',	'21:00:00',	'ffffff',	'f1c40f',	0,	0),
(349,	92,	0,	'2018-08',	'2018-08-22',	1,	'Day 9a-9p',	'09:00:00',	'21:00:00',	'ffffff',	'f1c40f',	0,	0),
(350,	90,	0,	'2018-08',	'2018-08-23',	1,	'Day 9a-9p',	'09:00:00',	'21:00:00',	'ffffff',	'f1c40f',	0,	0),
(351,	92,	0,	'2018-08',	'2018-08-23',	1,	'Day 9a-9p',	'09:00:00',	'21:00:00',	'ffffff',	'f1c40f',	0,	0),
(353,	92,	0,	'2018-08',	'2018-08-26',	1,	'Day 7a-7p',	'07:00:00',	'19:00:00',	'999999',	'bbe7a9',	0,	1),
(354,	90,	0,	'2018-08',	'2018-08-27',	1,	'Day 7a-7p',	'07:00:00',	'19:00:00',	'999999',	'bbe7a9',	0,	1),
(355,	91,	0,	'2018-08',	'2018-08-27',	1,	'Day 7a-7p',	'07:00:00',	'19:00:00',	'999999',	'bbe7a9',	0,	1),
(356,	89,	0,	'2018-08',	'2018-08-30',	1,	'Day 9a-9p',	'09:00:00',	'21:00:00',	'ffffff',	'f1c40f',	0,	0),
(357,	90,	0,	'2018-08',	'2018-08-01',	1,	'Day 7a-7p',	'07:00:00',	'19:00:00',	'999999',	'bbe7a9',	0,	1),
(358,	91,	0,	'2018-08',	'2018-08-25',	1,	'Day 9a-9p',	'09:00:00',	'21:00:00',	'ffffff',	'f1c40f',	0,	0),
(359,	89,	0,	'2018-08',	'2018-08-26',	1,	'Day 9a-9p',	'09:00:00',	'21:00:00',	'ffffff',	'f1c40f',	0,	0),
(360,	91,	0,	'2018-08',	'2018-08-26',	1,	'Day 9a-9p',	'09:00:00',	'21:00:00',	'ffffff',	'f1c40f',	0,	0),
(362,	92,	0,	'2018-08',	'2018-08-01',	1,	'Day 9a-9p',	'09:00:00',	'21:00:00',	'ffffff',	'f1c40f',	0,	0),
(363,	91,	0,	'2018-08',	'2018-08-02',	1,	'Day 9a-9p',	'09:00:00',	'21:00:00',	'ffffff',	'f1c40f',	0,	0),
(366,	90,	0,	'2018-08',	'2018-08-06',	1,	'Day 9a-9p',	'09:00:00',	'21:00:00',	'ffffff',	'f1c40f',	0,	0),
(367,	91,	0,	'2018-08',	'2018-08-07',	1,	'Day 9a-9p',	'09:00:00',	'21:00:00',	'ffffff',	'f1c40f',	0,	0),
(368,	92,	0,	'2018-08',	'2018-08-07',	1,	'Day 9a-9p',	'09:00:00',	'21:00:00',	'ffffff',	'f1c40f',	0,	0),
(369,	90,	0,	'2018-08',	'2018-08-08',	1,	'Day 9a-9p',	'09:00:00',	'21:00:00',	'ffffff',	'f1c40f',	0,	0),
(370,	89,	0,	'2018-08',	'2018-08-14',	1,	'Day 7a-7p',	'07:00:00',	'19:00:00',	'999999',	'bbe7a9',	0,	1),
(371,	89,	0,	'2018-08',	'2018-08-25',	1,	'Day 7a-7p',	'07:00:00',	'19:00:00',	'999999',	'bbe7a9',	0,	1),
(372,	90,	0,	'2018-08',	'2018-08-29',	1,	'Day 7a-7p',	'07:00:00',	'19:00:00',	'999999',	'bbe7a9',	0,	1),
(373,	91,	0,	'2018-08',	'2018-08-29',	1,	'Day 9a-9p',	'09:00:00',	'21:00:00',	'ffffff',	'f1c40f',	0,	0),
(374,	90,	0,	'2018-08',	'2018-08-13',	1,	'Day 9a-9p',	'09:00:00',	'21:00:00',	'ffffff',	'f1c40f',	0,	0),
(377,	90,	0,	'2018-08',	'2018-08-14',	1,	'Day 9a-9p',	'09:00:00',	'21:00:00',	'ffffff',	'f1c40f',	0,	0),
(378,	90,	0,	'2018-08',	'2018-08-15',	1,	'Day 7a-7p',	'07:00:00',	'19:00:00',	'999999',	'bbe7a9',	0,	1),
(379,	89,	0,	'2018-08',	'2018-08-15',	1,	'Day 7a-7p',	'07:00:00',	'19:00:00',	'999999',	'bbe7a9',	0,	1),
(380,	90,	0,	'2018-08',	'2018-08-15',	1,	'Day 7a-7p',	'07:00:00',	'19:00:00',	'999999',	'bbe7a9',	0,	1),
(381,	89,	0,	'2018-08',	'2018-08-14',	1,	'Day 7a-7p',	'07:00:00',	'19:00:00',	'999999',	'bbe7a9',	0,	1),
(382,	89,	0,	'2018-08',	'2018-08-14',	1,	'Day 7a-7p',	'07:00:00',	'19:00:00',	'999999',	'bbe7a9',	0,	1),
(383,	89,	0,	'2018-08',	'2018-08-14',	1,	'Day 7a-7p',	'07:00:00',	'19:00:00',	'999999',	'bbe7a9',	0,	1),
(384,	89,	0,	'2018-08',	'2018-08-12',	1,	'Day 7a-7p',	'07:00:00',	'19:00:00',	'999999',	'bbe7a9',	0,	1),
(385,	89,	0,	'2018-08',	'2018-08-12',	1,	'Day 7a-7p',	'07:00:00',	'19:00:00',	'999999',	'bbe7a9',	0,	1),
(386,	89,	0,	'2018-08',	'2018-08-14',	1,	'Day 7a-7p',	'07:00:00',	'19:00:00',	'999999',	'bbe7a9',	0,	1),
(387,	89,	0,	'2018-08',	'2018-08-15',	1,	'Day 7a-7p',	'07:00:00',	'19:00:00',	'999999',	'bbe7a9',	0,	1),
(388,	89,	0,	'2018-08',	'2018-08-15',	1,	'Day 7a-7p',	'07:00:00',	'19:00:00',	'999999',	'bbe7a9',	0,	1),
(389,	89,	0,	'2018-08',	'2018-08-15',	1,	'Day 7a-7p',	'07:00:00',	'19:00:00',	'999999',	'bbe7a9',	0,	1),
(390,	89,	0,	'2018-08',	'2018-08-15',	1,	'Day 7a-7p',	'07:00:00',	'19:00:00',	'999999',	'bbe7a9',	0,	1),
(391,	89,	0,	'2018-08',	'2018-08-13',	1,	'Day 7a-7p',	'07:00:00',	'19:00:00',	'999999',	'bbe7a9',	0,	1),
(392,	89,	0,	'2018-08',	'2018-08-13',	1,	'Day 7a-7p',	'07:00:00',	'19:00:00',	'999999',	'bbe7a9',	0,	1),
(393,	89,	0,	'2018-08',	'2018-08-13',	1,	'Day 7a-7p',	'07:00:00',	'19:00:00',	'999999',	'bbe7a9',	0,	1),
(394,	89,	0,	'2018-08',	'2018-08-13',	1,	'Day 9a-9p',	'09:00:00',	'21:00:00',	'ffffff',	'f1c40f',	0,	0),
(395,	89,	0,	'2018-08',	'2018-08-15',	1,	'Day 7a-7p',	'07:00:00',	'19:00:00',	'999999',	'bbe7a9',	0,	1),
(396,	89,	0,	'2018-08',	'2018-08-15',	1,	'Day 7a-7p',	'07:00:00',	'19:00:00',	'999999',	'bbe7a9',	0,	1),
(397,	89,	0,	'2018-08',	'2018-08-15',	1,	'Day 7a-7p',	'07:00:00',	'19:00:00',	'999999',	'bbe7a9',	0,	1),
(398,	89,	0,	'2018-08',	'2018-08-15',	1,	'Day 7a-7p',	'07:00:00',	'19:00:00',	'999999',	'bbe7a9',	0,	1),
(399,	89,	0,	'2018-08',	'2018-08-15',	1,	'Day 7a-7p',	'07:00:00',	'19:00:00',	'999999',	'bbe7a9',	0,	1),
(400,	89,	0,	'2018-08',	'2018-08-15',	1,	'Day 7a-7p',	'07:00:00',	'19:00:00',	'999999',	'bbe7a9',	0,	1),
(401,	89,	0,	'2018-08',	'2018-08-15',	1,	'Day 7a-7p',	'07:00:00',	'19:00:00',	'999999',	'bbe7a9',	0,	1),
(402,	89,	0,	'2018-08',	'2018-08-15',	1,	'Day 7a-7p',	'07:00:00',	'19:00:00',	'999999',	'bbe7a9',	0,	1),
(403,	89,	0,	'2018-08',	'2018-08-16',	1,	'Day 7a-7p',	'07:00:00',	'19:00:00',	'999999',	'bbe7a9',	0,	1),
(404,	89,	0,	'2018-08',	'2018-08-16',	1,	'Day 7a-7p',	'07:00:00',	'19:00:00',	'999999',	'bbe7a9',	0,	1),
(405,	89,	0,	'2018-08',	'2018-08-16',	1,	'Day 7a-7p',	'07:00:00',	'19:00:00',	'999999',	'bbe7a9',	0,	1),
(406,	89,	0,	'2018-08',	'2018-08-16',	1,	'Day 7a-7p',	'07:00:00',	'19:00:00',	'999999',	'bbe7a9',	0,	1),
(407,	89,	0,	'2018-08',	'2018-08-15',	1,	'Day 7a-7p',	'07:00:00',	'19:00:00',	'999999',	'bbe7a9',	0,	1),
(408,	89,	0,	'2018-08',	'2018-08-16',	1,	'Day 7a-7p',	'07:00:00',	'19:00:00',	'999999',	'bbe7a9',	0,	1),
(409,	89,	0,	'2018-08',	'2018-08-16',	1,	'Day 7a-7p',	'07:00:00',	'19:00:00',	'999999',	'bbe7a9',	0,	1),
(410,	89,	0,	'2018-08',	'2018-08-15',	1,	'Day 7a-7p',	'07:00:00',	'19:00:00',	'999999',	'bbe7a9',	0,	1),
(411,	89,	0,	'2018-08',	'2018-08-15',	1,	'Day 7a-7p',	'07:00:00',	'19:00:00',	'999999',	'bbe7a9',	0,	1),
(412,	89,	0,	'2018-08',	'2018-08-15',	1,	'Day 7a-7p',	'07:00:00',	'19:00:00',	'999999',	'bbe7a9',	0,	1),
(413,	90,	0,	'2018-08',	'2018-08-19',	1,	'Day 7a-7p',	'07:00:00',	'19:00:00',	'999999',	'bbe7a9',	0,	1),
(414,	89,	0,	'2018-08',	'2018-08-15',	1,	'Day 7a-7p',	'07:00:00',	'19:00:00',	'999999',	'bbe7a9',	0,	1),
(415,	89,	0,	'2018-08',	'2018-08-15',	1,	'Day 7a-7p',	'07:00:00',	'19:00:00',	'999999',	'bbe7a9',	0,	1),
(416,	89,	0,	'2018-08',	'2018-08-15',	1,	'Day 7a-7p',	'07:00:00',	'19:00:00',	'999999',	'bbe7a9',	0,	1),
(417,	89,	0,	'2018-08',	'2018-08-15',	1,	'Day 9a-9p',	'09:00:00',	'21:00:00',	'ffffff',	'f1c40f',	0,	0),
(422,	93,	0,	'2018-08',	'2018-08-08',	2,	'Day rounds',	'08:00:00',	'16:00:00',	'666666',	'edffd4',	0,	1),
(423,	93,	0,	'2018-08',	'2018-08-09',	2,	'Day rounds',	'08:00:00',	'16:00:00',	'666666',	'edffd4',	0,	0),
(424,	93,	0,	'2018-08',	'2018-08-13',	2,	'Day rounds',	'08:00:00',	'16:00:00',	'666666',	'edffd4',	0,	1),
(425,	93,	0,	'2018-08',	'2018-08-14',	2,	'Day rounds',	'08:00:00',	'16:00:00',	'666666',	'edffd4',	0,	0),
(426,	93,	0,	'2018-08',	'2018-08-16',	2,	'Day rounds',	'08:00:00',	'16:00:00',	'666666',	'edffd4',	0,	0),
(427,	93,	0,	'2018-08',	'2018-08-17',	2,	'Day rounds',	'08:00:00',	'16:00:00',	'666666',	'edffd4',	0,	0),
(432,	93,	0,	'2018-08',	'2018-08-26',	2,	'Day rounds',	'08:00:00',	'16:00:00',	'666666',	'edffd4',	0,	0),
(433,	93,	0,	'2018-08',	'2018-08-29',	2,	'Day rounds',	'08:00:00',	'16:00:00',	'666666',	'edffd4',	0,	0),
(434,	93,	0,	'2018-08',	'2018-08-05',	2,	'Day rounds',	'08:00:00',	'16:00:00',	'666666',	'edffd4',	0,	0),
(435,	93,	0,	'2018-08',	'2018-08-06',	2,	'Day rounds',	'08:00:00',	'16:00:00',	'666666',	'edffd4',	0,	0),
(438,	89,	0,	'2018-09',	'2018-09-01',	1,	'Day 7a-7p',	'07:00:00',	'19:00:00',	'999999',	'bbe7a9',	0,	1),
(439,	92,	0,	'2018-09',	'2018-09-01',	1,	'Day 7a-7p',	'07:00:00',	'19:00:00',	'999999',	'bbe7a9',	0,	1),
(441,	89,	0,	'2018-09',	'2018-09-02',	1,	'Day 7a-7p',	'07:00:00',	'19:00:00',	'999999',	'bbe7a9',	0,	1),
(442,	90,	0,	'2018-09',	'2018-09-02',	1,	'Day 7a-7p',	'07:00:00',	'19:00:00',	'999999',	'bbe7a9',	0,	1),
(444,	89,	0,	'2018-09',	'2018-09-03',	1,	'Day 7a-7p',	'07:00:00',	'19:00:00',	'999999',	'bbe7a9',	0,	1),
(445,	90,	0,	'2018-09',	'2018-09-03',	1,	'Day 7a-7p',	'07:00:00',	'19:00:00',	'999999',	'bbe7a9',	0,	1),
(446,	91,	0,	'2018-09',	'2018-09-03',	1,	'Day 7a-7p',	'07:00:00',	'19:00:00',	'999999',	'bbe7a9',	0,	1),
(447,	92,	0,	'2018-09',	'2018-09-03',	1,	'Day 7a-7p',	'07:00:00',	'19:00:00',	'999999',	'bbe7a9',	0,	1),
(449,	89,	0,	'2018-09',	'2018-09-04',	1,	'Day 7a-7p',	'07:00:00',	'19:00:00',	'999999',	'bbe7a9',	0,	1),
(450,	90,	0,	'2018-09',	'2018-09-04',	1,	'Day 7a-7p',	'07:00:00',	'19:00:00',	'999999',	'bbe7a9',	0,	1),
(451,	91,	0,	'2018-09',	'2018-09-04',	1,	'Day 7a-7p',	'07:00:00',	'19:00:00',	'999999',	'bbe7a9',	0,	1),
(452,	92,	0,	'2018-09',	'2018-09-04',	1,	'Day 7a-7p',	'07:00:00',	'19:00:00',	'999999',	'bbe7a9',	0,	1),
(453,	90,	0,	'2018-09',	'2018-09-05',	1,	'Day 7a-7p',	'07:00:00',	'19:00:00',	'999999',	'bbe7a9',	0,	1),
(454,	91,	0,	'2018-09',	'2018-09-05',	1,	'Day 7a-7p',	'07:00:00',	'19:00:00',	'999999',	'bbe7a9',	0,	1),
(455,	89,	0,	'2018-09',	'2018-09-06',	1,	'Day 7a-7p',	'07:00:00',	'19:00:00',	'999999',	'bbe7a9',	0,	1),
(456,	91,	0,	'2018-09',	'2018-09-06',	1,	'Day 7a-7p',	'07:00:00',	'19:00:00',	'999999',	'bbe7a9',	0,	1),
(458,	90,	0,	'2018-09',	'2018-09-07',	1,	'Day 7a-7p',	'07:00:00',	'19:00:00',	'999999',	'bbe7a9',	0,	1),
(459,	91,	0,	'2018-09',	'2018-09-07',	1,	'Day 7a-7p',	'07:00:00',	'19:00:00',	'999999',	'bbe7a9',	0,	1),
(460,	92,	0,	'2018-09',	'2018-09-07',	1,	'Day 7a-7p',	'07:00:00',	'19:00:00',	'999999',	'bbe7a9',	0,	1),
(462,	90,	0,	'2018-09',	'2018-09-08',	1,	'Day 7a-7p',	'07:00:00',	'19:00:00',	'999999',	'bbe7a9',	0,	1),
(463,	91,	0,	'2018-09',	'2018-09-08',	1,	'Day 7a-7p',	'07:00:00',	'19:00:00',	'999999',	'bbe7a9',	0,	1),
(464,	91,	0,	'2018-09',	'2018-09-09',	1,	'Day 7a-7p',	'07:00:00',	'19:00:00',	'999999',	'bbe7a9',	0,	1),
(465,	89,	0,	'2018-09',	'2018-09-10',	1,	'Day 7a-7p',	'07:00:00',	'19:00:00',	'999999',	'bbe7a9',	0,	1),
(467,	90,	0,	'2018-09',	'2018-09-11',	1,	'Day 7a-7p',	'07:00:00',	'19:00:00',	'999999',	'bbe7a9',	0,	1),
(468,	91,	0,	'2018-09',	'2018-09-11',	1,	'Day 7a-7p',	'07:00:00',	'19:00:00',	'999999',	'bbe7a9',	0,	1),
(469,	92,	0,	'2018-09',	'2018-09-11',	1,	'Day 7a-7p',	'07:00:00',	'19:00:00',	'999999',	'bbe7a9',	0,	1),
(471,	89,	0,	'2018-09',	'2018-09-12',	1,	'Day 7a-7p',	'07:00:00',	'19:00:00',	'999999',	'bbe7a9',	0,	1),
(472,	92,	0,	'2018-09',	'2018-09-12',	1,	'Day 7a-7p',	'07:00:00',	'19:00:00',	'999999',	'bbe7a9',	0,	1),
(474,	89,	0,	'2018-09',	'2018-09-13',	1,	'Day 7a-7p',	'07:00:00',	'19:00:00',	'999999',	'bbe7a9',	0,	1),
(475,	91,	0,	'2018-09',	'2018-09-13',	1,	'Day 7a-7p',	'07:00:00',	'19:00:00',	'999999',	'bbe7a9',	0,	1),
(476,	92,	0,	'2018-09',	'2018-09-13',	1,	'Day 7a-7p',	'07:00:00',	'19:00:00',	'999999',	'bbe7a9',	0,	1),
(478,	89,	0,	'2018-09',	'2018-09-14',	1,	'Day 7a-7p',	'07:00:00',	'19:00:00',	'999999',	'bbe7a9',	0,	1),
(479,	90,	0,	'2018-09',	'2018-09-14',	1,	'Day 7a-7p',	'07:00:00',	'19:00:00',	'999999',	'bbe7a9',	0,	1),
(480,	91,	0,	'2018-09',	'2018-09-14',	1,	'Day 7a-7p',	'07:00:00',	'19:00:00',	'999999',	'bbe7a9',	0,	1),
(481,	92,	0,	'2018-09',	'2018-09-14',	1,	'Day 7a-7p',	'07:00:00',	'19:00:00',	'999999',	'bbe7a9',	0,	1),
(483,	89,	0,	'2018-09',	'2018-09-15',	1,	'Day 7a-7p',	'07:00:00',	'19:00:00',	'999999',	'bbe7a9',	0,	1),
(484,	90,	0,	'2018-09',	'2018-09-15',	1,	'Day 7a-7p',	'07:00:00',	'19:00:00',	'999999',	'bbe7a9',	0,	1),
(485,	90,	0,	'2018-09',	'2018-09-16',	1,	'Day 7a-7p',	'07:00:00',	'19:00:00',	'999999',	'bbe7a9',	0,	1),
(487,	89,	0,	'2018-09',	'2018-09-17',	1,	'Day 7a-7p',	'07:00:00',	'19:00:00',	'999999',	'bbe7a9',	0,	1),
(488,	91,	0,	'2018-09',	'2018-09-17',	1,	'Day 9a-9p',	'09:00:00',	'21:00:00',	'ffffff',	'f1c40f',	0,	0),
(489,	92,	0,	'2018-09',	'2018-09-17',	1,	'Day 7a-7p',	'07:00:00',	'19:00:00',	'999999',	'bbe7a9',	0,	1),
(490,	90,	0,	'2018-09',	'2018-09-18',	1,	'Day 7a-7p',	'07:00:00',	'19:00:00',	'999999',	'bbe7a9',	0,	1),
(491,	92,	0,	'2018-09',	'2018-09-18',	1,	'Day 7a-7p',	'07:00:00',	'19:00:00',	'999999',	'bbe7a9',	0,	1),
(493,	91,	0,	'2018-09',	'2018-09-19',	1,	'Day 7a-7p',	'07:00:00',	'19:00:00',	'999999',	'bbe7a9',	0,	1),
(494,	89,	0,	'2018-09',	'2018-09-20',	1,	'Day 7a-7p',	'07:00:00',	'19:00:00',	'999999',	'bbe7a9',	0,	1),
(495,	91,	0,	'2018-09',	'2018-09-20',	1,	'Day 7a-7p',	'07:00:00',	'19:00:00',	'999999',	'bbe7a9',	0,	1),
(496,	92,	0,	'2018-09',	'2018-09-20',	1,	'Day 7a-7p',	'07:00:00',	'19:00:00',	'999999',	'bbe7a9',	0,	1),
(498,	90,	0,	'2018-09',	'2018-09-21',	1,	'Day 7a-7p',	'07:00:00',	'19:00:00',	'999999',	'bbe7a9',	0,	1),
(499,	91,	0,	'2018-09',	'2018-09-21',	1,	'Day 7a-7p',	'07:00:00',	'19:00:00',	'999999',	'bbe7a9',	0,	1),
(500,	92,	0,	'2018-09',	'2018-09-21',	1,	'Day 7a-7p',	'07:00:00',	'19:00:00',	'999999',	'bbe7a9',	0,	1),
(502,	90,	0,	'2018-09',	'2018-09-22',	1,	'Day 7a-7p',	'07:00:00',	'19:00:00',	'999999',	'bbe7a9',	0,	1),
(503,	91,	0,	'2018-09',	'2018-09-22',	1,	'Day 7a-7p',	'07:00:00',	'19:00:00',	'999999',	'bbe7a9',	0,	1),
(504,	92,	0,	'2018-09',	'2018-09-22',	12,	'Midday 3p-6a',	'15:00:00',	'06:00:00',	'ffffff',	'566473',	0,	0),
(506,	90,	0,	'2018-09',	'2018-09-23',	1,	'Day 7a-7p',	'07:00:00',	'19:00:00',	'999999',	'bbe7a9',	0,	1),
(507,	91,	0,	'2018-09',	'2018-09-23',	1,	'Day 7a-7p',	'07:00:00',	'19:00:00',	'999999',	'bbe7a9',	0,	1),
(508,	92,	0,	'2018-09',	'2018-09-23',	1,	'Day 7a-7p',	'07:00:00',	'19:00:00',	'999999',	'bbe7a9',	0,	1),
(509,	90,	0,	'2018-09',	'2018-09-24',	1,	'Day 7a-7p',	'07:00:00',	'19:00:00',	'999999',	'bbe7a9',	0,	1),
(510,	91,	0,	'2018-09',	'2018-09-24',	1,	'Day 7a-7p',	'07:00:00',	'19:00:00',	'999999',	'bbe7a9',	0,	1),
(512,	91,	0,	'2018-09',	'2018-09-25',	1,	'Day 7a-7p',	'07:00:00',	'19:00:00',	'999999',	'bbe7a9',	0,	1),
(513,	92,	0,	'2018-09',	'2018-09-25',	1,	'Day 7a-7p',	'07:00:00',	'19:00:00',	'999999',	'bbe7a9',	0,	1),
(514,	90,	0,	'2018-09',	'2018-09-26',	1,	'Day 7a-7p',	'07:00:00',	'19:00:00',	'999999',	'bbe7a9',	0,	1),
(515,	91,	0,	'2018-09',	'2018-09-26',	1,	'Day 7a-7p',	'07:00:00',	'19:00:00',	'999999',	'bbe7a9',	0,	1),
(517,	89,	0,	'2018-09',	'2018-09-27',	1,	'Day 7a-7p',	'07:00:00',	'19:00:00',	'999999',	'bbe7a9',	0,	1),
(518,	90,	0,	'2018-09',	'2018-09-27',	1,	'Day 7a-7p',	'07:00:00',	'19:00:00',	'999999',	'bbe7a9',	0,	1),
(519,	92,	0,	'2018-09',	'2018-09-27',	1,	'Day 7a-7p',	'07:00:00',	'19:00:00',	'999999',	'bbe7a9',	0,	1),
(521,	91,	0,	'2018-09',	'2018-09-28',	1,	'Day 7a-7p',	'07:00:00',	'19:00:00',	'999999',	'bbe7a9',	0,	1),
(523,	89,	0,	'2018-09',	'2018-09-29',	1,	'Day 7a-7p',	'07:00:00',	'19:00:00',	'999999',	'bbe7a9',	0,	1),
(524,	91,	0,	'2018-09',	'2018-09-29',	1,	'Day 7a-7p',	'07:00:00',	'19:00:00',	'999999',	'bbe7a9',	0,	1),
(525,	92,	0,	'2018-09',	'2018-09-29',	1,	'Day 7a-7p',	'07:00:00',	'19:00:00',	'999999',	'bbe7a9',	0,	1),
(527,	89,	0,	'2018-09',	'2018-09-30',	1,	'Day 7a-7p',	'07:00:00',	'19:00:00',	'999999',	'bbe7a9',	0,	1),
(528,	90,	0,	'2018-09',	'2018-09-30',	1,	'Day 7a-7p',	'07:00:00',	'19:00:00',	'999999',	'bbe7a9',	0,	1),
(529,	91,	0,	'2018-09',	'2018-09-30',	1,	'Day 7a-7p',	'07:00:00',	'19:00:00',	'999999',	'bbe7a9',	0,	1),
(530,	89,	0,	'2018-09',	'2018-09-05',	1,	'Day 7a-7p',	'07:00:00',	'19:00:00',	'999999',	'bbe7a9',	0,	1),
(531,	92,	0,	'2018-09',	'2018-09-05',	1,	'Day 7a-7p',	'07:00:00',	'19:00:00',	'999999',	'bbe7a9',	0,	1),
(533,	90,	0,	'2018-09',	'2018-09-06',	1,	'Day 7a-7p',	'07:00:00',	'19:00:00',	'999999',	'bbe7a9',	0,	1),
(534,	92,	0,	'2018-09',	'2018-09-06',	1,	'Day 7a-7p',	'07:00:00',	'19:00:00',	'999999',	'bbe7a9',	0,	1),
(536,	91,	0,	'2018-09',	'2018-09-10',	1,	'Day 7a-7p',	'07:00:00',	'19:00:00',	'999999',	'bbe7a9',	0,	1),
(537,	92,	0,	'2018-09',	'2018-09-10',	1,	'Day 7a-7p',	'07:00:00',	'19:00:00',	'999999',	'bbe7a9',	0,	1),
(538,	90,	0,	'2018-09',	'2018-09-13',	1,	'Day 7a-7p',	'07:00:00',	'19:00:00',	'999999',	'bbe7a9',	0,	1),
(539,	91,	0,	'2018-09',	'2018-09-16',	1,	'Day 7a-7p',	'07:00:00',	'19:00:00',	'999999',	'bbe7a9',	0,	1),
(541,	90,	0,	'2018-09',	'2018-09-20',	1,	'Day 7a-7p',	'07:00:00',	'19:00:00',	'999999',	'bbe7a9',	0,	1),
(542,	89,	0,	'2018-09',	'2018-09-21',	1,	'Day 7a-7p',	'07:00:00',	'19:00:00',	'999999',	'bbe7a9',	0,	1),
(543,	89,	0,	'2018-09',	'2018-09-23',	1,	'Day 7a-7p',	'07:00:00',	'19:00:00',	'999999',	'bbe7a9',	0,	1),
(544,	92,	0,	'2018-09',	'2018-09-26',	1,	'Day 7a-7p',	'07:00:00',	'19:00:00',	'999999',	'bbe7a9',	0,	1),
(545,	89,	0,	'2018-09',	'2018-09-28',	1,	'Day 7a-7p',	'07:00:00',	'19:00:00',	'999999',	'bbe7a9',	0,	1),
(547,	89,	0,	'2018-09',	'2018-09-10',	1,	'Day 7a-7p',	'07:00:00',	'19:00:00',	'999999',	'bbe7a9',	0,	1),
(548,	89,	0,	'2018-09',	'2018-09-11',	1,	'Day 7a-7p',	'07:00:00',	'19:00:00',	'999999',	'bbe7a9',	0,	1),
(549,	91,	0,	'2018-09',	'2018-09-12',	1,	'Day 7a-7p',	'07:00:00',	'19:00:00',	'999999',	'bbe7a9',	0,	1),
(550,	91,	0,	'2018-09',	'2018-09-15',	1,	'Day 7a-7p',	'07:00:00',	'19:00:00',	'999999',	'bbe7a9',	0,	1),
(551,	92,	0,	'2018-09',	'2018-09-15',	1,	'Day 7a-7p',	'07:00:00',	'19:00:00',	'999999',	'bbe7a9',	0,	1),
(552,	92,	0,	'2018-09',	'2018-09-16',	1,	'Day 7a-7p',	'07:00:00',	'19:00:00',	'999999',	'bbe7a9',	0,	1),
(553,	90,	0,	'2018-09',	'2018-09-19',	1,	'Day 7a-7p',	'07:00:00',	'19:00:00',	'999999',	'bbe7a9',	0,	1),
(554,	92,	0,	'2018-09',	'2018-09-19',	1,	'Day 7a-7p',	'07:00:00',	'19:00:00',	'999999',	'bbe7a9',	0,	1),
(556,	91,	0,	'2018-09',	'2018-09-27',	1,	'Day 7a-7p',	'07:00:00',	'19:00:00',	'999999',	'bbe7a9',	0,	1),
(557,	92,	0,	'2018-09',	'2018-09-30',	1,	'Day 7a-7p',	'07:00:00',	'19:00:00',	'999999',	'bbe7a9',	0,	1),
(558,	92,	0,	'2018-09',	'2018-09-02',	1,	'Day 7a-7p',	'07:00:00',	'19:00:00',	'999999',	'bbe7a9',	0,	1),
(559,	92,	0,	'2018-09',	'2018-09-04',	1,	'Day 7a-7p',	'07:00:00',	'19:00:00',	'999999',	'bbe7a9',	0,	1),
(560,	92,	0,	'2018-09',	'2018-09-06',	1,	'Day 7a-7p',	'07:00:00',	'19:00:00',	'999999',	'bbe7a9',	0,	1),
(561,	90,	0,	'2018-09',	'2018-09-09',	1,	'Day 7a-7p',	'07:00:00',	'19:00:00',	'999999',	'bbe7a9',	0,	1),
(562,	92,	0,	'2018-09',	'2018-09-09',	1,	'Day 7a-7p',	'07:00:00',	'19:00:00',	'999999',	'bbe7a9',	0,	1),
(563,	91,	0,	'2018-09',	'2018-09-11',	1,	'Day 7a-7p',	'07:00:00',	'19:00:00',	'999999',	'bbe7a9',	0,	1),
(564,	89,	0,	'2018-09',	'2018-09-12',	1,	'Day 7a-7p',	'07:00:00',	'19:00:00',	'999999',	'bbe7a9',	0,	1),
(565,	90,	0,	'2018-09',	'2018-09-15',	1,	'Day 7a-7p',	'07:00:00',	'19:00:00',	'999999',	'bbe7a9',	0,	1),
(566,	89,	0,	'2018-09',	'2018-09-16',	1,	'Day 7a-7p',	'07:00:00',	'19:00:00',	'999999',	'bbe7a9',	0,	1),
(568,	92,	0,	'2018-09',	'2018-09-23',	1,	'Day 9a-9p',	'09:00:00',	'21:00:00',	'ffffff',	'f1c40f',	0,	0),
(569,	89,	0,	'2018-09',	'2018-09-25',	1,	'Day 7a-7p',	'07:00:00',	'19:00:00',	'999999',	'bbe7a9',	0,	1),
(570,	90,	0,	'2018-09',	'2018-09-25',	1,	'Day 7a-7p',	'07:00:00',	'19:00:00',	'999999',	'bbe7a9',	0,	1),
(572,	89,	0,	'2018-09',	'2018-09-26',	1,	'Day 7a-7p',	'07:00:00',	'19:00:00',	'999999',	'bbe7a9',	0,	1),
(573,	91,	0,	'2018-09',	'2018-09-26',	1,	'Day 7a-7p',	'07:00:00',	'19:00:00',	'999999',	'bbe7a9',	0,	1),
(574,	90,	0,	'2018-09',	'2018-09-28',	1,	'Day 7a-7p',	'07:00:00',	'19:00:00',	'999999',	'bbe7a9',	0,	1),
(575,	92,	0,	'2018-09',	'2018-09-28',	1,	'Day 7a-7p',	'07:00:00',	'19:00:00',	'999999',	'bbe7a9',	0,	1),
(576,	90,	0,	'2018-09',	'2018-09-29',	1,	'Day 7a-7p',	'07:00:00',	'19:00:00',	'999999',	'bbe7a9',	0,	1),
(578,	92,	0,	'2018-09',	'2018-09-07',	1,	'Day 7a-7p',	'07:00:00',	'19:00:00',	'999999',	'bbe7a9',	0,	1),
(579,	89,	0,	'2018-09',	'2018-09-08',	1,	'Day 7a-7p',	'07:00:00',	'19:00:00',	'999999',	'bbe7a9',	0,	1),
(580,	89,	0,	'2018-09',	'2018-09-14',	1,	'Day 7a-7p',	'07:00:00',	'19:00:00',	'999999',	'bbe7a9',	0,	1),
(581,	91,	0,	'2018-09',	'2018-09-14',	1,	'Day 7a-7p',	'07:00:00',	'19:00:00',	'999999',	'bbe7a9',	0,	1),
(583,	92,	0,	'2018-09',	'2018-09-26',	1,	'Day 7a-7p',	'07:00:00',	'19:00:00',	'999999',	'bbe7a9',	0,	1),
(584,	91,	0,	'2018-09',	'2018-09-01',	1,	'Day 7a-7p',	'07:00:00',	'19:00:00',	'999999',	'bbe7a9',	0,	1),
(585,	92,	0,	'2018-09',	'2018-09-01',	1,	'Day 7a-7p',	'07:00:00',	'19:00:00',	'999999',	'bbe7a9',	0,	1),
(586,	90,	0,	'2018-09',	'2018-09-02',	1,	'Day 7a-7p',	'07:00:00',	'19:00:00',	'999999',	'bbe7a9',	0,	1),
(587,	91,	0,	'2018-09',	'2018-09-02',	1,	'Day 7a-7p',	'07:00:00',	'19:00:00',	'999999',	'bbe7a9',	0,	1),
(589,	90,	0,	'2018-09',	'2018-09-03',	1,	'Day 7a-7p',	'07:00:00',	'19:00:00',	'999999',	'bbe7a9',	0,	1),
(590,	92,	0,	'2018-09',	'2018-09-03',	1,	'Day 7a-7p',	'07:00:00',	'19:00:00',	'999999',	'bbe7a9',	0,	1),
(591,	89,	0,	'2018-09',	'2018-09-04',	1,	'Day 9a-9p',	'09:00:00',	'21:00:00',	'ffffff',	'f1c40f',	0,	0),
(593,	89,	0,	'2018-09',	'2018-09-05',	1,	'Day 7a-7p',	'07:00:00',	'19:00:00',	'999999',	'bbe7a9',	0,	1),
(594,	90,	0,	'2018-09',	'2018-09-05',	1,	'Day 7a-7p',	'07:00:00',	'19:00:00',	'999999',	'bbe7a9',	0,	1),
(596,	89,	0,	'2018-09',	'2018-09-06',	2,	'Day rounds',	'08:00:00',	'16:00:00',	'666666',	'edffd4',	0,	0),
(597,	91,	0,	'2018-09',	'2018-09-06',	1,	'Day 7a-7p',	'07:00:00',	'19:00:00',	'999999',	'bbe7a9',	0,	1),
(598,	89,	0,	'2018-09',	'2018-09-07',	1,	'Day 7a-7p',	'07:00:00',	'19:00:00',	'999999',	'bbe7a9',	0,	1),
(600,	90,	0,	'2018-09',	'2018-09-08',	1,	'Day 9a-9p',	'09:00:00',	'21:00:00',	'ffffff',	'f1c40f',	0,	0),
(601,	89,	0,	'2018-09',	'2018-09-09',	1,	'Day 7a-7p',	'07:00:00',	'19:00:00',	'999999',	'bbe7a9',	0,	1),
(602,	89,	0,	'2018-09',	'2018-09-10',	1,	'Day 7a-7p',	'07:00:00',	'19:00:00',	'999999',	'bbe7a9',	0,	1),
(603,	90,	0,	'2018-09',	'2018-09-10',	1,	'Day 7a-7p',	'07:00:00',	'19:00:00',	'999999',	'bbe7a9',	0,	1),
(604,	91,	0,	'2018-09',	'2018-09-10',	1,	'Day 7a-7p',	'07:00:00',	'19:00:00',	'999999',	'bbe7a9',	0,	1),
(605,	90,	0,	'2018-09',	'2018-09-11',	1,	'Day 7a-7p',	'07:00:00',	'19:00:00',	'999999',	'bbe7a9',	0,	1),
(606,	91,	0,	'2018-09',	'2018-09-12',	1,	'Day 7a-7p',	'07:00:00',	'19:00:00',	'999999',	'bbe7a9',	0,	1),
(607,	92,	0,	'2018-09',	'2018-09-12',	1,	'Day 7a-7p',	'07:00:00',	'19:00:00',	'999999',	'bbe7a9',	0,	1),
(608,	89,	0,	'2018-09',	'2018-09-15',	1,	'Day 7a-7p',	'07:00:00',	'19:00:00',	'999999',	'bbe7a9',	0,	1),
(609,	91,	0,	'2018-09',	'2018-09-16',	1,	'Day 7a-7p',	'07:00:00',	'19:00:00',	'999999',	'bbe7a9',	0,	1),
(611,	89,	0,	'2018-09',	'2018-09-17',	1,	'Day 7a-7p',	'07:00:00',	'19:00:00',	'999999',	'bbe7a9',	0,	1),
(612,	90,	0,	'2018-09',	'2018-09-17',	1,	'Day 7a-7p',	'07:00:00',	'19:00:00',	'999999',	'bbe7a9',	0,	1),
(613,	91,	0,	'2018-09',	'2018-09-18',	1,	'Day 7a-7p',	'07:00:00',	'19:00:00',	'999999',	'bbe7a9',	0,	1),
(614,	92,	0,	'2018-09',	'2018-09-18',	1,	'Day 7a-7p',	'07:00:00',	'19:00:00',	'999999',	'bbe7a9',	0,	1),
(615,	89,	0,	'2018-09',	'2018-09-19',	1,	'Day 7a-7p',	'07:00:00',	'19:00:00',	'999999',	'bbe7a9',	0,	1),
(616,	92,	0,	'2018-09',	'2018-09-19',	1,	'Day 7a-7p',	'07:00:00',	'19:00:00',	'999999',	'bbe7a9',	0,	1),
(617,	91,	0,	'2018-09',	'2018-09-20',	1,	'Day 7a-7p',	'07:00:00',	'19:00:00',	'999999',	'bbe7a9',	0,	1),
(618,	92,	0,	'2018-09',	'2018-09-20',	1,	'Day 7a-7p',	'07:00:00',	'19:00:00',	'999999',	'bbe7a9',	0,	1),
(621,	89,	0,	'2018-09',	'2018-09-24',	1,	'Day 7a-7p',	'07:00:00',	'19:00:00',	'999999',	'bbe7a9',	0,	1),
(622,	90,	0,	'2018-09',	'2018-09-24',	1,	'Day 7a-7p',	'07:00:00',	'19:00:00',	'999999',	'bbe7a9',	0,	1),
(623,	92,	0,	'2018-09',	'2018-09-24',	1,	'Day 7a-7p',	'07:00:00',	'19:00:00',	'999999',	'bbe7a9',	0,	1),
(624,	91,	0,	'2018-09',	'2018-09-26',	1,	'Day 7a-7p',	'07:00:00',	'19:00:00',	'999999',	'bbe7a9',	0,	1),
(625,	92,	0,	'2018-09',	'2018-09-26',	1,	'Day 7a-7p',	'07:00:00',	'19:00:00',	'999999',	'bbe7a9',	0,	1),
(626,	91,	0,	'2018-09',	'2018-09-28',	1,	'Day 7a-7p',	'07:00:00',	'19:00:00',	'999999',	'bbe7a9',	0,	1),
(628,	89,	0,	'2018-09',	'2018-09-02',	1,	'Day 7a-7p',	'07:00:00',	'19:00:00',	'999999',	'bbe7a9',	0,	1),
(629,	91,	0,	'2018-09',	'2018-09-03',	1,	'Day 7a-7p',	'07:00:00',	'19:00:00',	'999999',	'bbe7a9',	0,	1),
(630,	91,	0,	'2018-09',	'2018-09-05',	1,	'Day 7a-7p',	'07:00:00',	'19:00:00',	'999999',	'bbe7a9',	0,	1),
(631,	92,	0,	'2018-09',	'2018-09-06',	1,	'Day 7a-7p',	'07:00:00',	'19:00:00',	'999999',	'bbe7a9',	0,	1),
(633,	92,	0,	'2018-09',	'2018-09-08',	1,	'Day 7a-7p',	'07:00:00',	'19:00:00',	'999999',	'bbe7a9',	0,	1),
(635,	90,	0,	'2018-09',	'2018-09-09',	1,	'Day 7a-7p',	'07:00:00',	'19:00:00',	'999999',	'bbe7a9',	0,	1),
(637,	89,	0,	'2018-09',	'2018-09-11',	1,	'Day 7a-7p',	'07:00:00',	'19:00:00',	'999999',	'bbe7a9',	0,	1),
(638,	89,	0,	'2018-09',	'2018-09-13',	1,	'Day 7a-7p',	'07:00:00',	'19:00:00',	'999999',	'bbe7a9',	0,	1),
(639,	90,	0,	'2018-09',	'2018-09-13',	1,	'Day 9a-9p',	'09:00:00',	'21:00:00',	'ffffff',	'f1c40f',	0,	0),
(640,	89,	0,	'2018-09',	'2018-09-14',	1,	'Day 7a-7p',	'07:00:00',	'19:00:00',	'999999',	'bbe7a9',	0,	1),
(641,	91,	0,	'2018-09',	'2018-09-14',	1,	'Day 7a-7p',	'07:00:00',	'19:00:00',	'999999',	'bbe7a9',	0,	1),
(642,	92,	0,	'2018-09',	'2018-09-14',	1,	'Day 7a-7p',	'07:00:00',	'19:00:00',	'999999',	'bbe7a9',	0,	1),
(644,	91,	0,	'2018-09',	'2018-09-15',	1,	'Day 7a-7p',	'07:00:00',	'19:00:00',	'999999',	'bbe7a9',	0,	1),
(645,	92,	0,	'2018-09',	'2018-09-15',	1,	'Day 7a-7p',	'07:00:00',	'19:00:00',	'999999',	'bbe7a9',	0,	1),
(650,	89,	0,	'2018-09',	'2018-09-20',	1,	'Day 7a-7p',	'07:00:00',	'19:00:00',	'999999',	'bbe7a9',	0,	1),
(651,	90,	0,	'2018-09',	'2018-09-20',	1,	'Day 7a-7p',	'07:00:00',	'19:00:00',	'999999',	'bbe7a9',	0,	1),
(653,	90,	0,	'2018-09',	'2018-09-21',	1,	'Day 7a-7p',	'07:00:00',	'19:00:00',	'999999',	'bbe7a9',	0,	1),
(654,	89,	0,	'2018-09',	'2018-09-22',	1,	'Day 7a-7p',	'07:00:00',	'19:00:00',	'999999',	'bbe7a9',	0,	1),
(655,	90,	0,	'2018-09',	'2018-09-22',	1,	'Day 7a-7p',	'07:00:00',	'19:00:00',	'999999',	'bbe7a9',	0,	1),
(656,	90,	0,	'2018-09',	'2018-09-25',	1,	'Day 7a-7p',	'07:00:00',	'19:00:00',	'999999',	'bbe7a9',	0,	1),
(657,	91,	0,	'2018-09',	'2018-09-25',	1,	'Day 7a-7p',	'07:00:00',	'19:00:00',	'999999',	'bbe7a9',	0,	1),
(658,	90,	0,	'2018-09',	'2018-09-26',	1,	'Day 7a-7p',	'07:00:00',	'19:00:00',	'999999',	'bbe7a9',	0,	1),
(659,	92,	0,	'2018-09',	'2018-09-27',	7,	'Night 7p-7a',	'19:00:00',	'07:00:00',	'ffffff',	'27ae60',	0,	0),
(660,	89,	0,	'2018-09',	'2018-09-28',	1,	'Day 7a-7p',	'07:00:00',	'19:00:00',	'999999',	'bbe7a9',	0,	1),
(661,	90,	0,	'2018-09',	'2018-09-28',	1,	'Day 7a-7p',	'07:00:00',	'19:00:00',	'999999',	'bbe7a9',	0,	1),
(662,	89,	0,	'2018-09',	'2018-09-29',	1,	'Day 7a-7p',	'07:00:00',	'19:00:00',	'999999',	'bbe7a9',	0,	1),
(663,	90,	0,	'2018-09',	'2018-09-30',	1,	'Day 7a-7p',	'07:00:00',	'19:00:00',	'999999',	'bbe7a9',	0,	1),
(664,	91,	0,	'2018-09',	'2018-09-30',	1,	'Day 7a-7p',	'07:00:00',	'19:00:00',	'999999',	'bbe7a9',	0,	1),
(665,	89,	0,	'2018-09',	'2018-09-05',	12,	'Midday 3p-6a',	'15:00:00',	'06:00:00',	'ffffff',	'566473',	0,	0),
(666,	89,	0,	'2018-09',	'2018-09-07',	12,	'Midday 3p-6a',	'15:00:00',	'06:00:00',	'ffffff',	'566473',	0,	0),
(667,	90,	0,	'2018-09',	'2018-09-10',	12,	'Midday 3p-6a',	'15:00:00',	'06:00:00',	'ffffff',	'566473',	0,	0),
(668,	90,	0,	'2018-09',	'2018-09-11',	7,	'Night 7p-7a',	'19:00:00',	'07:00:00',	'ffffff',	'27ae60',	0,	0),
(669,	90,	0,	'2018-09',	'2018-09-12',	7,	'Night 7p-7a',	'19:00:00',	'07:00:00',	'ffffff',	'27ae60',	0,	0),
(670,	90,	0,	'2018-09',	'2018-09-14',	1,	'Day 7a-7p',	'07:00:00',	'19:00:00',	'999999',	'bbe7a9',	0,	1),
(671,	90,	0,	'2018-09',	'2018-09-25',	1,	'Day 7a-7p',	'07:00:00',	'19:00:00',	'999999',	'bbe7a9',	0,	1),
(672,	90,	0,	'2018-09',	'2018-09-26',	1,	'Day 7a-7p',	'07:00:00',	'19:00:00',	'999999',	'bbe7a9',	0,	1),
(673,	90,	0,	'2018-09',	'2018-09-25',	1,	'Day 7a-7p',	'07:00:00',	'19:00:00',	'999999',	'bbe7a9',	0,	1),
(674,	90,	0,	'2018-09',	'2018-09-26',	1,	'Day 7a-7p',	'07:00:00',	'19:00:00',	'999999',	'bbe7a9',	0,	1),
(675,	91,	0,	'2018-09',	'2018-09-15',	12,	'Midday 3p-6a',	'15:00:00',	'06:00:00',	'ffffff',	'566473',	0,	0),
(676,	91,	0,	'2018-09',	'2018-09-16',	12,	'Midday 3p-6a',	'15:00:00',	'06:00:00',	'ffffff',	'566473',	0,	0),
(677,	91,	0,	'2018-09',	'2018-09-19',	12,	'Midday 3p-6a',	'15:00:00',	'06:00:00',	'ffffff',	'566473',	0,	0),
(678,	91,	0,	'2018-09',	'2018-09-21',	1,	'Day 7a-7p',	'07:00:00',	'19:00:00',	'999999',	'bbe7a9',	0,	1),
(679,	91,	0,	'2018-09',	'2018-09-24',	1,	'Day 7a-7p',	'07:00:00',	'19:00:00',	'999999',	'bbe7a9',	0,	1),
(680,	91,	0,	'2018-09',	'2018-09-25',	1,	'Day 7a-7p',	'07:00:00',	'19:00:00',	'999999',	'bbe7a9',	0,	1),
(681,	91,	0,	'2018-09',	'2018-09-24',	1,	'Day 7a-7p',	'07:00:00',	'19:00:00',	'999999',	'bbe7a9',	0,	1),
(682,	92,	0,	'2018-09',	'2018-09-01',	1,	'Day 7a-7p',	'07:00:00',	'19:00:00',	'999999',	'bbe7a9',	0,	1),
(683,	92,	0,	'2018-09',	'2018-09-05',	1,	'Day 7a-7p',	'07:00:00',	'19:00:00',	'999999',	'bbe7a9',	0,	1),
(684,	92,	0,	'2018-09',	'2018-09-25',	1,	'Day 9a-9p',	'09:00:00',	'21:00:00',	'ffffff',	'f1c40f',	0,	0),
(685,	92,	0,	'2018-09',	'2018-09-26',	1,	'Day 7a-7p',	'07:00:00',	'19:00:00',	'999999',	'bbe7a9',	0,	1),
(686,	92,	0,	'2018-09',	'2018-09-28',	12,	'Midday 3p-6a',	'15:00:00',	'06:00:00',	'ffffff',	'566473',	0,	0),
(687,	92,	0,	'2018-09',	'2018-09-29',	1,	'Day 7a-7p',	'07:00:00',	'19:00:00',	'999999',	'bbe7a9',	0,	1),
(688,	92,	0,	'2018-09',	'2018-09-30',	1,	'Day 7a-7p',	'07:00:00',	'19:00:00',	'999999',	'bbe7a9',	0,	1),
(695,	91,	0,	'2018-09',	'2018-09-01',	1,	'Day 9a-9p',	'09:00:00',	'21:00:00',	'ffffff',	'f1c40f',	0,	0),
(696,	91,	0,	'2018-09',	'2018-09-02',	12,	'Midday 3p-6a',	'15:00:00',	'06:00:00',	'ffffff',	'566473',	0,	0),
(697,	91,	0,	'2018-09',	'2018-09-03',	1,	'Day 7a-7p',	'07:00:00',	'19:00:00',	'999999',	'bbe7a9',	0,	1),
(698,	91,	0,	'2018-09',	'2018-09-04',	1,	'Day 7a-7p',	'07:00:00',	'19:00:00',	'999999',	'bbe7a9',	0,	1),
(699,	91,	0,	'2018-09',	'2018-09-05',	1,	'Day 9a-9p',	'09:00:00',	'21:00:00',	'ffffff',	'f1c40f',	0,	0),
(700,	91,	0,	'2018-09',	'2018-09-06',	15,	'Night shift',	'20:00:00',	'07:08:00',	'ffffff',	'd8616d',	0,	0),
(701,	91,	0,	'2018-09',	'2018-09-07',	1,	'Day 7a-7p',	'07:00:00',	'19:00:00',	'999999',	'bbe7a9',	0,	1),
(702,	92,	0,	'2018-09',	'2018-09-08',	12,	'Midday 3p-6a',	'15:00:00',	'06:00:00',	'ffffff',	'566473',	0,	0),
(703,	92,	0,	'2018-09',	'2018-09-09',	12,	'Midday 3p-6a',	'15:00:00',	'06:00:00',	'ffffff',	'566473',	0,	0),
(704,	92,	0,	'2018-09',	'2018-09-10',	7,	'Night 7p-7a',	'19:00:00',	'07:00:00',	'ffffff',	'27ae60',	0,	0),
(705,	92,	0,	'2018-09',	'2018-09-11',	12,	'Midday 3p-6a',	'15:00:00',	'06:00:00',	'ffffff',	'566473',	0,	0),
(706,	92,	0,	'2018-09',	'2018-09-12',	1,	'Day 9a-9p',	'09:00:00',	'21:00:00',	'ffffff',	'f1c40f',	0,	0),
(707,	92,	0,	'2018-09',	'2018-09-13',	1,	'Day 7a-7p',	'07:00:00',	'19:00:00',	'999999',	'bbe7a9',	0,	1),
(708,	92,	0,	'2018-09',	'2018-09-14',	1,	'Day 7a-7p',	'07:00:00',	'19:00:00',	'999999',	'bbe7a9',	0,	1),
(716,	89,	0,	'2018-09',	'2018-09-22',	1,	'Day 7a-7p',	'07:00:00',	'19:00:00',	'999999',	'bbe7a9',	0,	1),
(717,	89,	0,	'2018-09',	'2018-09-23',	1,	'Day 9a-9p',	'09:00:00',	'21:00:00',	'ffffff',	'f1c40f',	0,	0),
(718,	89,	0,	'2018-09',	'2018-09-24',	7,	'Night 7p-7a',	'19:00:00',	'07:00:00',	'ffffff',	'27ae60',	0,	0),
(719,	89,	0,	'2018-09',	'2018-09-25',	7,	'Night 7p-7a',	'19:00:00',	'07:00:00',	'ffffff',	'27ae60',	0,	0),
(720,	89,	0,	'2018-09',	'2018-09-26',	1,	'Day 9a-9p',	'09:00:00',	'21:00:00',	'ffffff',	'f1c40f',	0,	0),
(721,	89,	0,	'2018-09',	'2018-09-27',	12,	'Midday 3p-6a',	'15:00:00',	'06:00:00',	'ffffff',	'566473',	0,	0),
(722,	89,	0,	'2018-09',	'2018-09-28',	7,	'Night 7p-7a',	'19:00:00',	'07:00:00',	'ffffff',	'27ae60',	0,	0),
(723,	90,	0,	'2018-09',	'2018-09-29',	1,	'Day 9a-9p',	'09:00:00',	'21:00:00',	'ffffff',	'f1c40f',	0,	0),
(724,	90,	0,	'2018-09',	'2018-09-30',	12,	'Midday 3p-6a',	'15:00:00',	'06:00:00',	'ffffff',	'566473',	0,	0),
(725,	95,	0,	'2018-09',	'2018-09-01',	7,	'Night 7p-7a',	'19:00:00',	'07:00:00',	'ffffff',	'990000',	0,	1),
(726,	95,	0,	'2018-09',	'2018-09-02',	7,	'Night 7p-7a',	'19:00:00',	'07:00:00',	'ffffff',	'27ae60',	0,	0),
(727,	95,	0,	'2018-09',	'2018-09-03',	7,	'Night 7p-7a',	'19:00:00',	'07:00:00',	'ffffff',	'27ae60',	0,	0),
(728,	96,	0,	'2018-09',	'2018-09-03',	7,	'Night 7p-7a',	'19:00:00',	'07:00:00',	'ffffff',	'990000',	0,	1),
(729,	95,	0,	'2018-09',	'2018-09-04',	7,	'Night 7p-7a',	'19:00:00',	'07:00:00',	'ffffff',	'990000',	0,	1),
(730,	96,	0,	'2018-09',	'2018-09-04',	7,	'Night 7p-7a',	'19:00:00',	'07:00:00',	'ffffff',	'990000',	0,	1),
(731,	95,	0,	'2018-09',	'2018-09-05',	7,	'Night 7p-7a',	'19:00:00',	'07:00:00',	'ffffff',	'990000',	0,	1),
(732,	95,	0,	'2018-09',	'2018-09-06',	7,	'Night 7p-7a',	'19:00:00',	'07:00:00',	'ffffff',	'990000',	0,	1),
(733,	96,	0,	'2018-09',	'2018-09-07',	7,	'Night 7p-7a',	'19:00:00',	'07:00:00',	'ffffff',	'990000',	0,	1),
(734,	96,	0,	'2018-09',	'2018-09-08',	7,	'Night 7p-7a',	'19:00:00',	'07:00:00',	'ffffff',	'27ae60',	0,	0),
(735,	95,	0,	'2018-09',	'2018-09-10',	7,	'Night 7p-7a',	'19:00:00',	'07:00:00',	'ffffff',	'990000',	0,	1),
(736,	96,	0,	'2018-09',	'2018-09-10',	7,	'Night 7p-7a',	'19:00:00',	'07:00:00',	'ffffff',	'990000',	0,	1),
(737,	95,	0,	'2018-09',	'2018-09-11',	7,	'Night 7p-7a',	'19:00:00',	'07:00:00',	'ffffff',	'27ae60',	0,	0),
(738,	95,	0,	'2018-09',	'2018-09-15',	7,	'Night 7p-7a',	'19:00:00',	'07:00:00',	'ffffff',	'990000',	0,	1),
(739,	96,	0,	'2018-09',	'2018-09-15',	7,	'Night 7p-7a',	'19:00:00',	'07:00:00',	'ffffff',	'27ae60',	0,	0),
(740,	95,	0,	'2018-09',	'2018-09-16',	7,	'Night 7p-7a',	'19:00:00',	'07:00:00',	'ffffff',	'990000',	0,	1),
(741,	96,	0,	'2018-09',	'2018-09-16',	7,	'Night 7p-7a',	'19:00:00',	'07:00:00',	'ffffff',	'27ae60',	0,	0),
(742,	95,	0,	'2018-09',	'2018-09-17',	7,	'Night 7p-7a',	'19:00:00',	'07:00:00',	'ffffff',	'27ae60',	0,	0),
(743,	95,	0,	'2018-09',	'2018-09-18',	7,	'Night 7p-7a',	'19:00:00',	'07:00:00',	'ffffff',	'990000',	0,	1),
(744,	96,	0,	'2018-09',	'2018-09-20',	7,	'Night 7p-7a',	'19:00:00',	'07:00:00',	'ffffff',	'27ae60',	0,	0),
(745,	95,	0,	'2018-09',	'2018-09-21',	7,	'Night 7p-7a',	'19:00:00',	'07:00:00',	'ffffff',	'27ae60',	0,	0),
(746,	96,	0,	'2018-09',	'2018-09-21',	7,	'Night 7p-7a',	'19:00:00',	'07:00:00',	'ffffff',	'27ae60',	0,	0),
(747,	95,	0,	'2018-09',	'2018-09-22',	7,	'Night 7p-7a',	'19:00:00',	'07:00:00',	'ffffff',	'27ae60',	0,	0),
(748,	96,	0,	'2018-09',	'2018-09-22',	7,	'Night 7p-7a',	'19:00:00',	'07:00:00',	'ffffff',	'27ae60',	0,	0),
(749,	95,	0,	'2018-09',	'2018-09-23',	7,	'Night 7p-7a',	'19:00:00',	'07:00:00',	'ffffff',	'27ae60',	0,	0),
(750,	96,	0,	'2018-09',	'2018-09-23',	7,	'Night 7p-7a',	'19:00:00',	'07:00:00',	'ffffff',	'990000',	0,	1),
(751,	95,	0,	'2018-09',	'2018-09-25',	7,	'Night 7p-7a',	'19:00:00',	'07:00:00',	'ffffff',	'27ae60',	0,	0),
(752,	96,	0,	'2018-09',	'2018-09-25',	7,	'Night 7p-7a',	'19:00:00',	'07:00:00',	'ffffff',	'990000',	0,	1),
(753,	95,	0,	'2018-09',	'2018-09-26',	7,	'Night 7p-7a',	'19:00:00',	'07:00:00',	'ffffff',	'990000',	0,	1),
(754,	96,	0,	'2018-09',	'2018-09-26',	7,	'Night 7p-7a',	'19:00:00',	'07:00:00',	'ffffff',	'27ae60',	0,	0),
(755,	95,	0,	'2018-09',	'2018-09-27',	7,	'Night 7p-7a',	'19:00:00',	'07:00:00',	'ffffff',	'990000',	0,	1),
(756,	96,	0,	'2018-09',	'2018-09-27',	7,	'Night 7p-7a',	'19:00:00',	'07:00:00',	'ffffff',	'27ae60',	0,	0),
(757,	95,	0,	'2018-09',	'2018-09-29',	7,	'Night 7p-7a',	'19:00:00',	'07:00:00',	'ffffff',	'990000',	0,	1),
(758,	96,	0,	'2018-09',	'2018-09-30',	7,	'Night 7p-7a',	'19:00:00',	'07:00:00',	'ffffff',	'990000',	0,	1),
(759,	96,	0,	'2018-09',	'2018-09-05',	7,	'Night 7p-7a',	'19:00:00',	'07:00:00',	'ffffff',	'27ae60',	0,	0),
(760,	95,	0,	'2018-09',	'2018-09-07',	7,	'Night 7p-7a',	'19:00:00',	'07:00:00',	'ffffff',	'27ae60',	0,	0),
(761,	95,	0,	'2018-09',	'2018-09-09',	7,	'Night 7p-7a',	'19:00:00',	'07:00:00',	'ffffff',	'27ae60',	0,	0),
(762,	96,	0,	'2018-09',	'2018-09-11',	7,	'Night 7p-7a',	'19:00:00',	'07:00:00',	'ffffff',	'27ae60',	0,	0),
(763,	95,	0,	'2018-09',	'2018-09-12',	7,	'Night 7p-7a',	'19:00:00',	'07:00:00',	'ffffff',	'27ae60',	0,	0),
(764,	96,	0,	'2018-09',	'2018-09-12',	7,	'Night 7p-7a',	'19:00:00',	'07:00:00',	'ffffff',	'27ae60',	0,	0),
(765,	95,	0,	'2018-09',	'2018-09-13',	7,	'Night 7p-7a',	'19:00:00',	'07:00:00',	'ffffff',	'27ae60',	0,	0),
(766,	96,	0,	'2018-09',	'2018-09-13',	7,	'Night 7p-7a',	'19:00:00',	'07:00:00',	'ffffff',	'27ae60',	0,	0),
(767,	95,	0,	'2018-09',	'2018-09-14',	7,	'Night 7p-7a',	'19:00:00',	'07:00:00',	'ffffff',	'27ae60',	0,	0),
(768,	96,	0,	'2018-09',	'2018-09-17',	7,	'Night 7p-7a',	'19:00:00',	'07:00:00',	'ffffff',	'27ae60',	0,	0),
(769,	95,	0,	'2018-09',	'2018-09-19',	7,	'Night 7p-7a',	'19:00:00',	'07:00:00',	'ffffff',	'27ae60',	0,	0),
(770,	96,	0,	'2018-09',	'2018-09-19',	7,	'Night 7p-7a',	'19:00:00',	'07:00:00',	'ffffff',	'27ae60',	0,	0),
(771,	95,	0,	'2018-09',	'2018-09-24',	7,	'Night 7p-7a',	'19:00:00',	'07:00:00',	'ffffff',	'27ae60',	0,	0),
(772,	96,	0,	'2018-09',	'2018-09-28',	7,	'Night 7p-7a',	'19:00:00',	'07:00:00',	'ffffff',	'27ae60',	0,	0),
(773,	95,	0,	'2018-09',	'2018-09-30',	7,	'Night 7p-7a',	'19:00:00',	'07:00:00',	'ffffff',	'27ae60',	0,	0),
(774,	92,	0,	'2018-09',	'2018-09-01',	12,	'Midday 3p-6a',	'15:00:00',	'06:00:00',	'ffffff',	'566473',	0,	0),
(776,	90,	0,	'2018-09',	'2018-09-02',	12,	'Midday 3p-6a',	'15:00:00',	'06:00:00',	'ffffff',	'566473',	0,	0),
(777,	92,	0,	'2018-09',	'2018-09-02',	1,	'Day 9a-9p',	'09:00:00',	'21:00:00',	'ffffff',	'f1c40f',	0,	0),
(779,	92,	0,	'2018-09',	'2018-09-03',	1,	'Day 9a-9p',	'09:00:00',	'21:00:00',	'ffffff',	'f1c40f',	0,	0),
(781,	92,	0,	'2018-09',	'2018-09-04',	1,	'Day 9a-9p',	'09:00:00',	'21:00:00',	'ffffff',	'f1c40f',	0,	0),
(782,	90,	0,	'2018-09',	'2018-09-05',	1,	'Day 9a-9p',	'09:00:00',	'21:00:00',	'ffffff',	'f1c40f',	0,	0),
(783,	92,	0,	'2018-09',	'2018-09-05',	12,	'Midday 3p-6a',	'15:00:00',	'06:00:00',	'ffffff',	'566473',	0,	0),
(785,	92,	0,	'2018-09',	'2018-09-06',	12,	'Midday 3p-6a',	'15:00:00',	'06:00:00',	'ffffff',	'566473',	0,	0),
(787,	90,	0,	'2018-09',	'2018-09-07',	1,	'Day 9a-9p',	'09:00:00',	'21:00:00',	'ffffff',	'f1c40f',	0,	0),
(788,	92,	0,	'2018-09',	'2018-09-07',	1,	'Day 9a-9p',	'09:00:00',	'21:00:00',	'ffffff',	'f1c40f',	0,	0),
(789,	89,	0,	'2018-09',	'2018-09-08',	12,	'Midday 3p-6a',	'15:00:00',	'06:00:00',	'ffffff',	'566473',	0,	0),
(790,	91,	0,	'2018-09',	'2018-09-08',	7,	'Night 7p-7a',	'19:00:00',	'07:00:00',	'ffffff',	'27ae60',	0,	0),
(792,	89,	0,	'2018-09',	'2018-09-09',	1,	'Midday 3p-6a',	'15:00:00',	'06:00:00',	'ffffff',	'566473',	0,	1),
(793,	91,	0,	'2018-09',	'2018-09-09',	12,	'Midday 3p-6a',	'15:00:00',	'06:00:00',	'ffffff',	'566473',	0,	0),
(795,	91,	0,	'2018-09',	'2018-09-10',	12,	'Midday 3p-6a',	'15:00:00',	'06:00:00',	'ffffff',	'566473',	0,	0),
(796,	89,	0,	'2018-09',	'2018-09-11',	7,	'Night 7p-7a',	'19:00:00',	'07:00:00',	'ffffff',	'27ae60',	0,	0),
(797,	91,	0,	'2018-09',	'2018-09-11',	12,	'Midday 3p-6a',	'15:00:00',	'06:00:00',	'ffffff',	'566473',	0,	0),
(799,	89,	0,	'2018-09',	'2018-09-12',	12,	'Midday 3p-6a',	'15:00:00',	'06:00:00',	'ffffff',	'566473',	0,	0),
(800,	91,	0,	'2018-09',	'2018-09-12',	1,	'Day 9a-9p',	'09:00:00',	'21:00:00',	'ffffff',	'f1c40f',	0,	0),
(801,	91,	0,	'2018-09',	'2018-09-13',	12,	'Midday 3p-6a',	'15:00:00',	'06:00:00',	'ffffff',	'566473',	0,	0),
(803,	89,	0,	'2018-09',	'2018-09-14',	1,	'Day 9a-9p',	'09:00:00',	'21:00:00',	'ffffff',	'f1c40f',	0,	0),
(805,	89,	0,	'2018-09',	'2018-09-15',	12,	'Midday 3p-6a',	'15:00:00',	'06:00:00',	'ffffff',	'566473',	0,	0),
(806,	92,	0,	'2018-09',	'2018-09-15',	12,	'Midday 3p-6a',	'15:00:00',	'06:00:00',	'ffffff',	'566473',	0,	0),
(807,	89,	0,	'2018-09',	'2018-09-16',	7,	'Night 7p-7a',	'19:00:00',	'07:00:00',	'ffffff',	'27ae60',	0,	0),
(808,	92,	0,	'2018-09',	'2018-09-16',	12,	'Midday 3p-6a',	'15:00:00',	'06:00:00',	'ffffff',	'566473',	0,	0),
(809,	89,	0,	'2018-09',	'2018-09-17',	12,	'Midday 3p-6a',	'15:00:00',	'06:00:00',	'ffffff',	'566473',	0,	0),
(810,	90,	0,	'2018-09',	'2018-09-17',	12,	'Midday 3p-6a',	'15:00:00',	'06:00:00',	'ffffff',	'566473',	0,	0),
(811,	92,	0,	'2018-09',	'2018-09-17',	12,	'Midday 3p-6a',	'15:00:00',	'06:00:00',	'ffffff',	'566473',	0,	0),
(812,	89,	0,	'2018-09',	'2018-09-18',	12,	'Midday 3p-6a',	'15:00:00',	'06:00:00',	'ffffff',	'566473',	0,	0),
(813,	90,	0,	'2018-09',	'2018-09-18',	12,	'Midday 3p-6a',	'15:00:00',	'06:00:00',	'ffffff',	'566473',	0,	0),
(814,	92,	0,	'2018-09',	'2018-09-18',	12,	'Midday 3p-6a',	'15:00:00',	'06:00:00',	'ffffff',	'566473',	0,	0),
(815,	89,	0,	'2018-09',	'2018-09-19',	12,	'Midday 3p-6a',	'15:00:00',	'06:00:00',	'ffffff',	'566473',	0,	0),
(816,	90,	0,	'2018-09',	'2018-09-19',	12,	'Midday 3p-6a',	'15:00:00',	'06:00:00',	'ffffff',	'566473',	0,	0),
(817,	92,	0,	'2018-09',	'2018-09-19',	7,	'Night 7p-7a',	'19:00:00',	'07:00:00',	'ffffff',	'27ae60',	0,	0),
(818,	89,	0,	'2018-09',	'2018-09-20',	12,	'Midday 3p-6a',	'15:00:00',	'06:00:00',	'ffffff',	'566473',	0,	0),
(819,	90,	0,	'2018-09',	'2018-09-20',	1,	'Day 9a-9p',	'09:00:00',	'21:00:00',	'ffffff',	'f1c40f',	0,	0),
(820,	90,	0,	'2018-09',	'2018-09-21',	7,	'Night 7p-7a',	'19:00:00',	'07:00:00',	'ffffff',	'27ae60',	0,	0),
(821,	92,	0,	'2018-09',	'2018-09-21',	12,	'Midday 3p-6a',	'15:00:00',	'06:00:00',	'ffffff',	'566473',	0,	0),
(822,	90,	0,	'2018-09',	'2018-09-22',	1,	'Day 9a-9p',	'09:00:00',	'21:00:00',	'ffffff',	'f1c40f',	0,	0),
(823,	91,	0,	'2018-09',	'2018-09-22',	7,	'Night 7p-7a',	'19:00:00',	'07:00:00',	'ffffff',	'27ae60',	0,	0),
(825,	90,	0,	'2018-09',	'2018-09-23',	12,	'Midday 3p-6a',	'15:00:00',	'06:00:00',	'ffffff',	'566473',	0,	0),
(826,	91,	0,	'2018-09',	'2018-09-23',	7,	'Night 7p-7a',	'19:00:00',	'07:00:00',	'ffffff',	'27ae60',	0,	0),
(828,	91,	0,	'2018-09',	'2018-09-24',	12,	'Midday 3p-6a',	'15:00:00',	'06:00:00',	'ffffff',	'566473',	0,	0),
(830,	91,	0,	'2018-09',	'2018-09-25',	12,	'Midday 3p-6a',	'15:00:00',	'06:00:00',	'ffffff',	'566473',	0,	0),
(832,	90,	0,	'2018-09',	'2018-09-26',	1,	'Day 9a-9p',	'09:00:00',	'21:00:00',	'ffffff',	'f1c40f',	0,	0),
(833,	91,	0,	'2018-09',	'2018-09-26',	12,	'Midday 3p-6a',	'15:00:00',	'06:00:00',	'ffffff',	'566473',	0,	0),
(835,	90,	0,	'2018-09',	'2018-09-27',	7,	'Night 7p-7a',	'19:00:00',	'07:00:00',	'ffffff',	'27ae60',	0,	0),
(836,	91,	0,	'2018-09',	'2018-09-27',	7,	'Night 7p-7a',	'19:00:00',	'07:00:00',	'ffffff',	'27ae60',	0,	0),
(839,	89,	0,	'2018-09',	'2018-09-29',	7,	'Night 7p-7a',	'19:00:00',	'07:00:00',	'ffffff',	'27ae60',	0,	0),
(840,	91,	0,	'2018-09',	'2018-09-29',	7,	'Night 7p-7a',	'19:00:00',	'07:00:00',	'ffffff',	'27ae60',	0,	0),
(841,	92,	0,	'2018-09',	'2018-09-29',	7,	'Night 7p-7a',	'19:00:00',	'07:00:00',	'ffffff',	'27ae60',	0,	0),
(842,	89,	0,	'2018-09',	'2018-09-30',	1,	'Day 9a-9p',	'09:00:00',	'21:00:00',	'ffffff',	'f1c40f',	0,	0),
(843,	91,	0,	'2018-09',	'2018-09-30',	7,	'Night 7p-7a',	'19:00:00',	'07:00:00',	'ffffff',	'27ae60',	0,	0),
(844,	92,	0,	'2018-09',	'2018-09-30',	7,	'Night 7p-7a',	'19:00:00',	'07:00:00',	'ffffff',	'27ae60',	0,	0),
(845,	107,	0,	'2018-08',	'2018-08-01',	1,	'Day 9a-9p',	'09:00:00',	'21:00:00',	'ffffff',	'f1c40f',	0,	0),
(848,	89,	0,	'2018-09',	'2018-09-09',	NULL,	'Day 9a-9p',	'09:00:00',	'21:00:00',	'ffffff',	'f1c40f',	0,	0),
(849,	89,	0,	'2018-10',	'2018-10-03',	2,	'Day rounds',	'08:00:00',	'16:00:00',	'666666',	'edffd4',	0,	0);

DROP TABLE IF EXISTS `shifts`;
CREATE TABLE `shifts` (
  `id` int(11) NOT NULL AUTO_INCREMENT,
  `description_id` int(11) DEFAULT NULL,
  `type` tinyint(4) DEFAULT NULL,
  `name` char(50) DEFAULT NULL,
  `start_time` time DEFAULT NULL,
  `end_time` time DEFAULT NULL,
  `color_ft` char(6) DEFAULT NULL,
  `color_bg` char(6) DEFAULT NULL,
  `staff_count` tinyint(4) NOT NULL,
  PRIMARY KEY (`id`)
) ENGINE=InnoDB DEFAULT CHARSET=latin1;

INSERT INTO `shifts` (`id`, `description_id`, `type`, `name`, `start_time`, `end_time`, `color_ft`, `color_bg`, `staff_count`) VALUES
(1,	1,	0,	'Day 9a-9p',	'09:00:00',	'21:00:00',	'ffffff',	'f1c40f',	9),
(2,	2,	0,	'Day rounds',	'08:00:00',	'16:00:00',	'666666',	'edffd4',	1),
(5,	7,	1,	'Day 7a-7p',	'07:00:00',	'19:00:00',	'ffffff',	'f1c40f',	1),
(7,	1,	0,	'Night 7p-7a',	'19:00:00',	'07:00:00',	'ffffff',	'27ae60',	0),
(12,	1,	0,	'Midday 3p-6a',	'15:00:00',	'06:00:00',	'ffffff',	'566473',	9),
(13,	7,	1,	'Midday 3p-6a',	'15:00:00',	'18:00:00',	'ffffff',	'27ae60',	2),
(14,	7,	1,	'Night 6p-6a',	'18:00:00',	'06:00:00',	'ffffff',	'566473',	7),
(15,	2,	0,	'Night shift',	'20:00:00',	'07:08:00',	'ffffff',	'd8616d',	2);

DROP TABLE IF EXISTS `shifts_requests`;
CREATE TABLE `shifts_requests` (
  `id` int(11) NOT NULL AUTO_INCREMENT,
  `type` tinyint(4) DEFAULT NULL,
  `user_id` int(11) DEFAULT NULL,
  `year_month` char(7) DEFAULT NULL,
  `date` date DEFAULT NULL,
  `working` tinyint(4) DEFAULT NULL,
  `status` tinyint(4) DEFAULT NULL,
  `timestamp` datetime DEFAULT NULL,
  PRIMARY KEY (`id`)
) ENGINE=InnoDB DEFAULT CHARSET=latin1;

INSERT INTO `shifts_requests` (`id`, `type`, `user_id`, `year_month`, `date`, `working`, `status`, `timestamp`) VALUES
(1,	1,	12,	'2018-08',	'2018-08-09',	2,	1,	NULL),
(2,	1,	13,	'2018-09',	'2018-09-09',	1,	0,	NULL),
(3,	1,	14,	'2018-08',	'2018-08-09',	1,	1,	NULL),
(4,	1,	15,	'2018-09',	'2018-09-09',	2,	1,	NULL),
(6,	0,	89,	'2018-09',	'2018-09-09',	1,	1,	NULL),
(7,	0,	90,	'2018-08',	'2018-08-09',	1,	0,	NULL),
(8,	0,	91,	'2018-09',	'2018-09-09',	1,	0,	NULL),
(10,	0,	2,	'2018-11',	'2018-11-01',	1,	0,	'2018-11-01 06:21:44'),
(11,	0,	2,	'2018-11',	'2018-11-05',	1,	0,	'2018-11-01 06:24:21'),
(12,	0,	2,	'2018-11',	'2018-11-03',	1,	0,	'2018-11-02 08:13:47'),
(13,	0,	2,	'2018-11',	'2018-11-06',	0,	0,	'2018-11-03 09:22:11'),
(14,	0,	2,	'2018-11',	'2018-11-06',	0,	0,	'2018-11-03 09:26:27'),
(15,	0,	117,	'2018-11',	'2018-11-02',	1,	0,	'2018-11-03 11:40:36'),
(16,	0,	116,	'2018-12',	'2018-12-01',	1,	0,	'2018-11-03 11:42:10'),
(17,	0,	117,	'2018-11',	'2018-11-02',	1,	0,	'2018-11-03 11:42:39'),
(18,	0,	116,	'2018-12',	'2018-12-01',	1,	0,	'2018-11-03 11:43:49'),
(19,	0,	116,	'2018-12',	'2018-12-01',	1,	0,	'2018-11-03 11:44:18'),
(20,	0,	117,	'2018-11',	'2018-11-02',	0,	0,	'2018-11-03 11:44:46'),
(21,	0,	116,	'2018-12',	'2018-12-01',	1,	0,	'2018-11-03 11:44:50'),
(22,	0,	116,	'2018-12',	'2018-12-01',	1,	0,	'2018-11-03 11:45:29');

DROP TABLE IF EXISTS `users`;
CREATE TABLE `users` (
  `id` int(11) NOT NULL AUTO_INCREMENT,
  `type` tinyint(4) NOT NULL,
  `has_group` tinyint(4) NOT NULL DEFAULT '0',
  `name` varchar(100) DEFAULT NULL,
  `email` varchar(32) DEFAULT NULL,
  `phone` varchar(15) DEFAULT NULL,
  `password` varchar(64) DEFAULT NULL,
  `token` varchar(64) DEFAULT NULL,
  `image` varchar(64) DEFAULT NULL,
  `push_os` varchar(16) DEFAULT NULL,
  `push_token` varchar(100) DEFAULT NULL,
  `description_id` int(11) DEFAULT NULL,
  `description_text` varchar(255) DEFAULT NULL,
  `status` tinyint(4) NOT NULL DEFAULT '0',
  `priority` tinyint(4) DEFAULT NULL,
  `shift_ids` text,
  `timezone_offset` mediumint(9) DEFAULT NULL,
  `timestamp` datetime DEFAULT NULL,
  `trash` tinyint(4) NOT NULL DEFAULT '0',
  PRIMARY KEY (`id`)
) ENGINE=InnoDB DEFAULT CHARSET=latin1;

INSERT INTO `users` (`id`, `type`, `has_group`, `name`, `email`, `phone`, `password`, `token`, `image`, `push_os`, `push_token`, `description_id`, `description_text`, `status`, `priority`, `shift_ids`, `timezone_offset`, `timestamp`, `trash`) VALUES
(1,	8,	0,	'Timely Care',	'info@timelycare.org',	'9831182601',	'7c4a8d09ca3762af61e59520943dc26494f8941b',	'5b067ee26add1',	NULL,	NULL,	NULL,	1,	NULL,	1,	2,	NULL,	-19800,	'2018-04-12 18:23:59',	0),
(2,	0,	0,	'User 1',	'user1@gmail.com',	'1234567890',	'7c4a8d09ca3762af61e59520943dc26494f8941b',	'5bfcfe3750ca3',	'https://timelycare.s3.amazonaws.com/profiles%2F2.png',	'ios',	'ab7b214f38d32450a25d7d77a1d1c754c8484c1b40423698f5b1c2d9b401569b',	3,	NULL,	1,	2,	'[1,7,12]',	0,	'2018-09-18 14:41:30',	0),
(3,	0,	0,	'User 2',	'user2@gmail.com',	'8105106167',	'7c4a8d09ca3762af61e59520943dc26494f8941b',	'5bfc208cea951',	NULL,	'',	'',	1,	NULL,	1,	2,	'[2,15]',	0,	'2018-09-18 14:41:22',	0),
(4,	0,	0,	'User 3',	'user3@gmail.com',	'8105106167',	'7c4a8d09ca3762af61e59520943dc26494f8941b',	'5bdd82587f06c',	NULL,	NULL,	NULL,	1,	NULL,	1,	2,	'[2,15]',	0,	'2018-09-18 14:41:22',	0),
(12,	1,	0,	'Marcus Rolff',	'marcus.rolf@gmail.com',	'9804105699',	'7c4a8d09ca3762af61e59520943dc26494f8941b',	'5b55f9d675957',	NULL,	NULL,	NULL,	7,	NULL,	0,	2,	'[5]',	-19800,	'2018-07-23 17:25:05',	0),
(13,	1,	0,	'Rosalind Randolph',	'rosalind.randolph@gmail.com',	'9804105617',	'7c4a8d09ca3762af61e59520943dc26494f8941b',	'5afaf49bbe4bd',	NULL,	NULL,	NULL,	8,	NULL,	0,	2,	'[5]',	-19800,	'2018-04-12 18:23:59',	0),
(14,	1,	0,	'Justine Stuart',	'justine.stuart@gmail.com',	'9804105617',	'7c4a8d09ca3762af61e59520943dc26494f8941b',	NULL,	NULL,	NULL,	NULL,	7,	NULL,	0,	2,	'[5]',	NULL,	'2018-04-12 18:23:59',	0),
(15,	1,	0,	'Joanna Shaffer',	'joanna.shaffer@gmail.com',	'9804105617',	'7c4a8d09ca3762af61e59520943dc26494f8941b',	NULL,	NULL,	NULL,	NULL,	8,	NULL,	0,	1,	'[5]',	NULL,	'2018-04-12 18:23:59',	0),
(89,	0,	0,	'Jerry Xavier',	'jerryxavy@gmail.com',	'9893272169',	'7c4a8d09ca3762af61e59520943dc26494f8941b',	'5bda10393c7cb',	NULL,	NULL,	NULL,	2,	NULL,	1,	2,	'[2,15]',	0,	'2018-10-31 19:14:06',	0),
(90,	0,	0,	'Chakri Pureti',	'drpureti@gmail.com',	'4028819115',	'7c4a8d09ca3762af61e59520943dc26494f8941b',	'5bdf67a33a6b9',	'https://timelycare.s3.amazonaws.com/profiles%2F90.png',	NULL,	NULL,	1,	NULL,	1,	2,	'[12]',	0,	'2018-09-04 15:07:35',	0),
(91,	0,	0,	'Adham Mohsen',	'adhamdoctor@gmail.com',	'4404542887',	'7c4a8d09ca3762af61e59520943dc26494f8941b',	NULL,	NULL,	NULL,	NULL,	1,	NULL,	0,	2,	'[7,12]',	NULL,	'2018-07-23 10:43:14',	0),
(92,	0,	0,	'George Makhoul',	'georgemakoul@yahoo.com',	'7733662556',	'7c4a8d09ca3762af61e59520943dc26494f8941b',	NULL,	NULL,	NULL,	NULL,	1,	NULL,	0,	2,	'[1,7]',	NULL,	'2018-10-31 16:55:21',	0),
(93,	0,	0,	'Danielle Prince',	'dprince@gmail.com',	'7122531802',	'7c4a8d09ca3762af61e59520943dc26494f8941b',	'5ba103a84b506',	NULL,	NULL,	NULL,	2,	NULL,	0,	1,	'[1,7,12]',	-19800,	'2018-08-16 16:50:19',	0),
(96,	0,	0,	'Lacey Tuttle',	'2222@gmail.com',	'2222222222',	'7c4a8d09ca3762af61e59520943dc26494f8941b',	NULL,	NULL,	NULL,	NULL,	3,	NULL,	0,	2,	'[1,7,12]',	NULL,	'2018-07-23 10:44:42',	1),
(99,	1,	0,	'adad adsads',	'asd@ad.asd',	'3241241241',	'7c4a8d09ca3762af61e59520943dc26494f8941b',	NULL,	NULL,	NULL,	NULL,	8,	NULL,	0,	2,	'[5]',	NULL,	'2018-08-14 10:34:36',	0),
(100,	0,	0,	'Madhu Saibaba',	'madhujs801@gmail.com',	'2488082603',	'7c4a8d09ca3762af61e59520943dc26494f8941b',	NULL,	NULL,	NULL,	NULL,	2,	NULL,	0,	2,	'[7,12]',	NULL,	'2018-08-16 10:15:31',	1),
(103,	2,	1,	'Doctors group',	NULL,	NULL,	NULL,	NULL,	NULL,	NULL,	NULL,	NULL,	'Doctor group description',	0,	NULL,	NULL,	NULL,	'2018-08-16 11:48:33',	0),
(104,	2,	2,	'Nurse group',	NULL,	NULL,	NULL,	NULL,	NULL,	NULL,	NULL,	NULL,	'Nurse group description',	0,	NULL,	NULL,	NULL,	'2018-08-16 11:48:54',	0),
(105,	2,	1,	'Cardiologists',	NULL,	NULL,	NULL,	NULL,	NULL,	NULL,	NULL,	NULL,	'This is Doctors group for Cardilogists.',	0,	NULL,	NULL,	NULL,	'2018-08-16 13:41:16',	0),
(106,	2,	2,	'Trauma Unit Care',	NULL,	NULL,	NULL,	NULL,	NULL,	NULL,	NULL,	NULL,	'This is a group of nurses for Trauma care.',	0,	NULL,	NULL,	NULL,	'2018-08-16 13:41:54',	0),
(107,	0,	0,	'Joseph Daisy',	'josephdaisy08@gmail.com',	'810510583552',	'7c4a8d09ca3762af61e59520943dc26494f8941b',	NULL,	NULL,	NULL,	NULL,	1,	NULL,	0,	2,	'[1,7]',	NULL,	'2018-08-17 10:03:01',	1),
(109,	0,	0,	'Giri Andukuri',	'andukuri@gmail.com',	'9663770760',	'7c4a8d09ca3762af61e59520943dc26494f8941b',	NULL,	NULL,	NULL,	NULL,	1,	NULL,	0,	1,	'[1]',	NULL,	'2018-10-31 16:53:05',	0),
(110,	0,	0,	'Anusha L',	'anusha@gmail.com',	'9663770760',	'dd5fef9c1c1da1394d6d34b248c51be2ad740840',	NULL,	NULL,	NULL,	NULL,	2,	NULL,	0,	1,	'[2,15]',	NULL,	'2018-10-24 06:57:32',	0),
(111,	0,	0,	'Joseph D',	'daisyjoseph08@gmail.com',	'9663770760',	'dd5fef9c1c1da1394d6d34b248c51be2ad740840',	NULL,	NULL,	NULL,	NULL,	2,	NULL,	0,	1,	'[2]',	NULL,	'2018-10-24 06:58:25',	0),
(112,	0,	0,	'Ethan anthony',	'ethananthony333@gmail.com',	'9663770760',	'7c4a8d09ca3762af61e59520943dc26494f8941b',	NULL,	NULL,	NULL,	NULL,	1,	NULL,	0,	1,	'[1]',	NULL,	'2018-10-24 06:59:10',	0),
(114,	0,	0,	'Pavan Devineni',	'pavandevineni@hotmail.com',	'0000000000',	'7c4a8d09ca3762af61e59520943dc26494f8941b',	'5bd9e4715db27',	NULL,	NULL,	NULL,	4,	NULL,	1,	2,	'[1]',	0,	'2018-10-31 17:00:27',	0),
(115,	0,	0,	'Erin Motz',	'erin.motz@unitypoint.org',	'0000000000',	'7c4a8d09ca3762af61e59520943dc26494f8941b',	NULL,	NULL,	NULL,	NULL,	1,	NULL,	0,	2,	'[1]',	NULL,	'2018-10-31 16:58:19',	0),
(116,	0,	0,	'Rohit RC',	'rcwelfare@gmail.com',	'7003388693',	'7c4a8d09ca3762af61e59520943dc26494f8941b',	'5bdd87ee66c93',	'https://timelycare.s3.amazonaws.com/profiles%2F116.png',	NULL,	NULL,	1,	NULL,	1,	2,	'[2]',	0,	'2018-11-03 11:33:24',	0),
(117,	0,	0,	'Sneha L',	'lsneha756@gmail.com',	'9663770760',	'7c4a8d09ca3762af61e59520943dc26494f8941b',	'5bdd8832994d1',	NULL,	NULL,	NULL,	1,	NULL,	1,	2,	'[1]',	0,	'2018-11-03 11:34:54',	0);

DROP TABLE IF EXISTS `users_descriptions`;
CREATE TABLE `users_descriptions` (
  `id` bigint(20) NOT NULL AUTO_INCREMENT,
  `type` tinyint(4) NOT NULL,
  `name` varchar(100) NOT NULL,
  PRIMARY KEY (`id`)
) ENGINE=InnoDB DEFAULT CHARSET=latin1;

INSERT INTO `users_descriptions` (`id`, `type`, `name`) VALUES
(1,	0,	'Hospitalist 7a-7p'),
(2,	0,	'Hospitalist 8a-4p'),
(3,	0,	'Hospitalist 7p-7a'),
(4,	0,	'Anesthesiologist'),
(7,	1,	'Med floor 5th'),
(8,	1,	'Surg Onc 4th floor'),
(9,	1,	'ICU'),
(10,	1,	'SICU');

-- 2018-11-27 09:49:41
